run_name,alpha,eligible,rows,threshold,accuracy,precision,recall,f1,mcc,auroc,auprc,false_positive_rate,false_negative_rate,true_positives,true_negatives,false_positives,false_negatives,alerts,alerts_per_10000_events,mode,labels_used,selected
alpha0.000,0.0,True,9050126,10.727158482292174,0.7042614655309771,0.5053490073680186,0.9999981714158653,0.6714040327934103,0.539622989284266,0.7881118973643084,0.5053489167780272,0.4237750899731941,1.8285841346189011e-06,2734351,3639304,2676466,5,5410817,5978.720075278509,retrospective_recall_floor,True,False
alpha0.025,0.025,True,9050126,10.647707136533475,0.9389451594375592,0.8344260134089104,0.9954468255047989,0.9078518556072127,0.8702368180505999,0.9569445520518153,0.8348850973885726,0.0855167303432519,0.004553174495201063,2721906,5775666,540104,12450,3262010,3604.380756687807,retrospective_recall_floor,True,False
alpha0.050,0.05,True,9050126,10.568255790774776,0.9389451594375592,0.8344260134089104,0.9954468255047989,0.9078518556072127,0.8702368180505999,0.9569445517294562,0.8348850972357408,0.0855167303432519,0.004553174495201063,2721906,5775666,540104,12450,3262010,3604.380756687807,retrospective_recall_floor,True,False
alpha0.075,0.07500000000000001,True,9050126,10.488804445016077,0.9389451594375592,0.8344260134089104,0.9954468255047989,0.9078518556072127,0.8702368180505999,0.9569445515974321,0.834885097120904,0.0855167303432519,0.004553174495201063,2721906,5775666,540104,12450,3262010,3604.380756687807,retrospective_recall_floor,True,False
alpha0.100,0.1,True,9050126,10.409353099257379,0.9389451594375592,0.8344260134089104,0.9954468255047989,0.9078518556072127,0.8702368180505999,0.9569445503793352,0.8348850957013908,0.0855167303432519,0.004553174495201063,2721906,5775666,540104,12450,3262010,3604.380756687807,retrospective_recall_floor,True,False
alpha0.125,0.125,True,9050126,10.329901753498682,0.9389451594375592,0.8344260134089104,0.9954468255047989,0.9078518556072127,0.8702368180505999,0.956940811027171,0.8348825569027168,0.0855167303432519,0.004553174495201063,2721906,5775666,540104,12450,3262010,3604.380756687807,retrospective_recall_floor,True,False
alpha0.150,0.15000000000000002,True,9050126,10.250450407739981,0.9389451594375592,0.8344260134089104,0.9954468255047989,0.9078518556072127,0.8702368180505999,0.9569259913355439,0.8348665893452184,0.0855167303432519,0.004553174495201063,2721906,5775666,540104,12450,3262010,3604.380756687807,retrospective_recall_floor,True,False
alpha0.175,0.17500000000000002,True,9050126,10.170999061981282,0.9389451594375592,0.8344260134089104,0.9954468255047989,0.9078518556072127,0.8702368180505999,0.9569052060199195,0.8348380936750528,0.0855167303432519,0.004553174495201063,2721906,5775666,540104,12450,3262010,3604.380756687807,retrospective_recall_floor,True,False
alpha0.200,0.2,True,9050126,10.091547716222586,0.9389451594375592,0.8344260134089104,0.9954468255047989,0.9078518556072127,0.8702368180505999,0.9569015569100473,0.8348328125185098,0.0855167303432519,0.004553174495201063,2721906,5775666,540104,12450,3262010,3604.380756687807,retrospective_recall_floor,True,False
alpha0.225,0.225,True,9050126,10.012096370463885,0.9389451594375592,0.8344260134089104,0.9954468255047989,0.9078518556072127,0.8702368180505999,0.9568975169957425,0.8348275532981599,0.0855167303432519,0.004553174495201063,2721906,5775666,540104,12450,3262010,3604.380756687807,retrospective_recall_floor,True,False
alpha0.250,0.25,True,9050126,9.932645024705186,0.9389451594375592,0.8344260134089104,0.9954468255047989,0.9078518556072127,0.8702368180505999,0.9568959640688343,0.834825333182116,0.0855167303432519,0.004553174495201063,2721906,5775666,540104,12450,3262010,3604.380756687807,retrospective_recall_floor,True,False
alpha0.275,0.275,True,9050126,9.853193678946488,0.9389451594375592,0.8344260134089104,0.9954468255047989,0.9078518556072127,0.8702368180505999,0.9568956870741104,0.8348249633366431,0.0855167303432519,0.004553174495201063,2721906,5775666,540104,12450,3262010,3604.380756687807,retrospective_recall_floor,True,False
alpha0.300,0.30000000000000004,True,9050126,9.773742333187789,0.9389451594375592,0.8344260134089104,0.9954468255047989,0.9078518556072127,0.8702368180505999,0.9568952784537672,0.8348244743234247,0.0855167303432519,0.004553174495201063,2721906,5775666,540104,12450,3262010,3604.380756687807,retrospective_recall_floor,True,True
alpha0.325,0.325,True,9050126,9.694290987429092,0.9377051767014073,0.8315652541585808,0.9954468255047989,0.9061560146934178,0.8678891128806323,0.956895029445043,0.8348241562346197,0.08729355248845351,0.004553174495201063,2721906,5764444,551326,12450,3273232,3616.7805840493274,retrospective_recall_floor,True,False
alpha0.350,0.35000000000000003,True,9050126,9.614839641670391,0.9377030772831229,0.831560427232742,0.9954468255047989,0.9061531488328047,0.8678851462583127,0.9568947201093744,0.8348237588475423,0.08729656083106256,0.004553174495201063,2721906,5764425,551345,12450,3273251,3616.8015782321704,retrospective_recall_floor,True,False
alpha0.375,0.375,True,9050126,9.535388295911694,0.9356873042430569,0.8269515302169774,0.9954468255047989,0.9034098094044823,0.864089384502307,0.9568942941390273,0.834823343505483,0.09018504473722128,0.004553174495201063,2721906,5746182,569588,12450,3291494,3636.95930863283,retrospective_recall_floor,True,False
alpha0.400,0.4,True,9050126,9.455936950152996,0.9332885531096473,0.8215331206690324,0.9954468255047989,0.900166827640706,0.859605495816684,0.9568869906598564,0.8348182348677474,0.09362231366880047,0.004553174495201063,2721906,5724473,591297,12450,3313203,3660.9468199669263,retrospective_recall_floor,True,False
alpha0.425,0.42500000000000004,True,9050126,9.376485604394297,0.9332788294881198,0.8215113009995199,0.9954468255047989,0.9001537292107162,0.8595873921344734,0.956871633699586,0.8348081658241475,0.09363624704509506,0.004553174495201063,2721906,5724385,591385,12450,3313291,3661.044056182201,retrospective_recall_floor,True,False
alpha0.450,0.45,True,9050126,9.297034258635598,0.9332640230644302,0.8214780778197787,0.9954468255047989,0.9001337846062879,0.8595598262785729,0.9568619868215922,0.8348012583032025,0.09365746377717998,0.004553174495201063,2721906,5724251,591519,12450,3313425,3661.1921204190967,retrospective_recall_floor,True,False
alpha0.475,0.47500000000000003,True,9050126,9.2175829128769,0.9332536364687077,0.8214547736107746,0.9954468255047989,0.9001197941425708,0.8595404898394227,0.9568561117330037,0.8347972085049616,0.09367234715640373,0.004553174495201063,2721906,5724157,591613,12450,3313519,3661.295986376322,retrospective_recall_floor,True,False
alpha0.500,0.5,True,9050126,9.1381315671182,0.9325945296231235,0.8199786472837345,0.9954468255047989,0.8992328835912412,0.8583148008215187,0.9568508330734127,0.8347935398337051,0.0946168084018259,0.004553174495201063,2721906,5718192,597578,12450,3319484,3667.8870548321647,retrospective_recall_floor,True,False
alpha0.525,0.525,True,9050126,9.058680221359502,0.9325746403972718,0.8199341861104016,0.9954468255047989,0.8992061473202929,0.8582778557079466,0.9568475253823301,0.8347913933389524,0.09464530848970118,0.004553174495201063,2721906,5718012,597758,12450,3319664,3668.085947090681,retrospective_recall_floor,True,False
alpha0.550,0.55,True,9050126,8.979228875600803,0.9324354158163102,0.8196230928500622,0.9954468255047989,0.8990190379305333,0.8580193075473491,0.9568440619731551,0.8347885216530352,0.09484480910482808,0.004553174495201063,2721906,5716752,599018,12450,3320924,3669.478192900298,retrospective_recall_floor,True,False
alpha0.575,0.5750000000000001,True,9050126,8.899777529842105,0.932229230841648,0.8191628119742747,0.9954468255047989,0.8987420808413732,0.8576366272842252,0.9568386417002867,0.8347824460841092,0.09514026001580171,0.004553174495201063,2721906,5714886,600884,12450,3322790,3671.54004264692,retrospective_recall_floor,True,False
alpha0.600,0.6000000000000001,True,9050126,8.820326184083408,0.9315213953927272,0.8175865884736134,0.9954468255047989,0.8977925809822361,0.8563248501398578,0.9568265367975853,0.8347740635456826,0.0961545464765183,0.004553174495201063,2721906,5708480,607290,12450,3329196,3678.618397136128,retrospective_recall_floor,True,False
alpha0.625,0.625,True,9050126,8.740874838324709,0.93149553939912,0.8175291266072571,0.9954468255047989,0.8977579353888807,0.8562769908081991,0.956821511520396,0.8347690200652184,0.09619159659075616,0.004553174495201063,2721906,5708246,607524,12450,3329430,3678.8769570721997,retrospective_recall_floor,True,False
alpha0.650,0.65,True,9050126,8.661423492566009,0.9314798490098369,0.8174942605235748,0.9954468255047989,0.8977369124435514,0.8562479499416713,0.9568177155064063,0.8347658867389852,0.09621407999341332,0.004553174495201063,2721906,5708104,607666,12450,3329572,3679.03386096503,retrospective_recall_floor,True,False
alpha0.675,0.675,True,9050126,8.58197214680731,0.9314690204313177,0.8174701997495247,0.9954468255047989,0.8977224042245201,0.8562279085237505,0.9568135124631385,0.8347611616335551,0.09622959670792318,0.004553174495201063,2721906,5708006,607764,12450,3329670,3679.1421467502223,retrospective_recall_floor,True,False
alpha0.700,0.7000000000000001,True,9050126,8.502520801048611,0.9314625011850663,0.817455714864483,0.9954468255047989,0.8977136699106295,0.856215843114852,0.9568072526856166,0.8347568154168619,0.09623893840339341,0.004553174495201063,2721906,5707947,607823,12450,3329729,3679.2073392127354,retrospective_recall_floor,True,False
alpha0.725,0.7250000000000001,True,9050126,8.423069455289912,0.9314413965065238,0.8174088266384778,0.9954468255047989,0.8976853955855572,0.8561767856762391,0.9567908694559271,0.8347444339094637,0.0962691801633055,0.004553174495201063,2721906,5707756,608014,12450,3329920,3679.4183859981617,retrospective_recall_floor,True,False
alpha0.750,0.75,True,9050126,8.343618109531215,0.9314315623892971,0.8173869800351891,0.9954468255047989,0.8976722212465773,0.8561585870585909,0.9567628682466975,0.8347146896888967,0.09628327187342162,0.004553174495201063,2721906,5707667,608103,12450,3330009,3679.516727170428,retrospective_recall_floor,True,False
alpha0.775,0.775,True,9050126,8.264166763772517,0.9314234962032573,0.8173690617828631,0.9954468255047989,0.897661415616748,0.8561436605399555,0.9567426888199506,0.834694499735835,0.09629483024239324,0.004553174495201063,2721906,5707594,608176,12450,3330082,3679.597389030827,retrospective_recall_floor,True,False
alpha0.800,0.8,True,9050126,8.184715418013818,0.9313879165881226,0.8172900344823031,0.9954468255047989,0.8976137555319584,0.8560778249835086,0.9567219581747581,0.8346793706839304,0.09634581373292568,0.004553174495201063,2721906,5707272,608498,12450,3330404,3679.953185182173,retrospective_recall_floor,True,False
alpha0.825,0.8250000000000001,True,9050126,8.10526407225512,0.9313568672966542,0.817221082149768,0.9954468255047989,0.8975721681024085,0.8560203784806723,0.956704083030038,0.8346650171706073,0.09639030553677541,0.004553174495201063,2721906,5706991,608779,12450,3330685,3680.2636780968573,retrospective_recall_floor,True,False
alpha0.850,0.8500000000000001,True,9050126,8.02581272649642,0.9313507900331995,0.8172075875030774,0.9954468255047989,0.8975640286650038,0.8560091351864532,0.9566816324030787,0.8346441142065082,0.09639901389695951,0.004553174495201063,2721906,5706936,608834,12450,3330740,3680.3244507314043,retrospective_recall_floor,True,False
alpha0.875,0.875,True,9050126,7.946361380737722,0.9313462597095333,0.8171975281473024,0.9954468255047989,0.8975579611804316,0.8560007539671712,0.9566541088729437,0.8346229440851364,0.09640550558364222,0.004553174495201063,2721906,5706895,608875,12450,3330781,3680.369753968066,retrospective_recall_floor,True,False
alpha0.900,0.9,True,9050126,7.866910034979023,0.9313230556127063,0.817146008500173,0.9954468255047989,0.8975268851064909,0.8559578277191883,0.9566110610830589,0.8345960985625716,0.09643875568616336,0.004553174495201063,2721906,5706685,609085,12450,3330991,3680.601794936336,retrospective_recall_floor,True,False
alpha0.925,0.925,True,9050126,7.787458689220324,0.9312989675502861,0.8170925330713263,0.9954468255047989,0.8974946274584478,0.8559132696339791,0.9565588741469452,0.8345643081342158,0.09647327245925674,0.004553174495201063,2721906,5706467,609303,12450,3331209,3680.8426755605387,retrospective_recall_floor,True,False
alpha0.950,0.9500000000000001,True,9050126,7.708007343461626,0.9312682497459152,0.8170243497873472,0.9954468255047989,0.8974534949223051,0.8558564529508449,0.9564892821578106,0.8345248496350507,0.0965172892616419,0.004553174495201063,2721906,5706189,609581,12450,3331487,3681.149853604248,retrospective_recall_floor,True,False
alpha0.975,0.9750000000000001,True,9050126,7.628555997702928,0.9312547692706157,0.8169944312192697,0.9954468255047989,0.8974354451435179,0.8558315208137378,0.9563801982051253,0.834472415232048,0.09653660598786847,0.004553174495201063,2721906,5706067,609703,12450,3331609,3681.2846583572427,retrospective_recall_floor,True,False
alpha1.000,1.0,True,9050126,7.549104651944229,0.9312252669189357,0.8169289613418986,0.9954468255047989,0.8973959452919044,0.8557769600552698,0.9552928829324399,0.8313829645868744,0.09657888111821678,0.004553174495201063,2721906,5705800,609970,12450,3331876,3681.5796818740428,retrospective_recall_floor,True,False
