hour,rows,attacks,alerts,has_attack,is_alert_window
2021-12-24 13:00:00+00:00,5323,0,4,False,True
2021-12-24 14:00:00+00:00,5413,0,2,False,True
2021-12-24 15:00:00+00:00,5412,0,2,False,True
2021-12-24 16:00:00+00:00,5411,0,2,False,True
2021-12-24 17:00:00+00:00,5412,0,2,False,True
2021-12-24 18:00:00+00:00,5415,0,2,False,True
2021-12-24 19:00:00+00:00,5558,0,9,False,True
2021-12-24 20:00:00+00:00,5412,0,2,False,True
2021-12-24 21:00:00+00:00,5414,0,1,False,True
2021-12-24 22:00:00+00:00,5411,0,1,False,True
2021-12-24 23:00:00+00:00,5416,0,4,False,True
2021-12-25 00:00:00+00:00,5409,0,3,False,True
2021-12-25 01:00:00+00:00,5435,0,3,False,True
2021-12-25 02:00:00+00:00,5412,0,1,False,True
2021-12-25 03:00:00+00:00,5408,0,2,False,True
2021-12-25 04:00:00+00:00,5416,0,4,False,True
2021-12-25 05:00:00+00:00,5403,0,4,False,True
2021-12-25 06:00:00+00:00,5500,0,1,False,True
2021-12-25 07:00:00+00:00,5438,0,0,False,False
2021-12-25 08:00:00+00:00,5411,0,3,False,True
2021-12-25 09:00:00+00:00,5412,0,3,False,True
2021-12-25 10:00:00+00:00,5420,0,0,False,False
2021-12-25 11:00:00+00:00,5452,0,0,False,False
2021-12-25 12:00:00+00:00,5414,0,3,False,True
2021-12-25 13:00:00+00:00,5561,0,8,False,True
2021-12-25 14:00:00+00:00,5414,0,1,False,True
2021-12-25 15:00:00+00:00,5412,0,0,False,False
2021-12-25 16:00:00+00:00,5415,0,2,False,True
2021-12-25 17:00:00+00:00,5414,0,3,False,True
2021-12-25 18:00:00+00:00,5417,0,1,False,True
2021-12-25 19:00:00+00:00,5403,0,2,False,True
2021-12-25 20:00:00+00:00,5413,0,1,False,True
2021-12-25 21:00:00+00:00,5408,0,2,False,True
2021-12-25 22:00:00+00:00,5410,0,3,False,True
2021-12-25 23:00:00+00:00,5416,0,0,False,False
2021-12-26 00:00:00+00:00,5416,0,3,False,True
2021-12-26 01:00:00+00:00,5442,0,5,False,True
2021-12-26 02:00:00+00:00,5415,0,0,False,False
2021-12-26 03:00:00+00:00,5410,0,2,False,True
2021-12-26 04:00:00+00:00,5414,0,0,False,False
2021-12-26 05:00:00+00:00,5418,0,3,False,True
2021-12-26 06:00:00+00:00,5512,0,4,False,True
2021-12-26 07:00:00+00:00,5426,0,2,False,True
2021-12-26 08:00:00+00:00,5412,0,2,False,True
2021-12-26 09:00:00+00:00,5412,0,2,False,True
2021-12-26 10:00:00+00:00,5415,0,4,False,True
2021-12-26 11:00:00+00:00,5415,0,0,False,False
2021-12-26 12:00:00+00:00,5414,0,1,False,True
2021-12-26 13:00:00+00:00,5410,0,2,False,True
2021-12-26 14:00:00+00:00,5416,0,3,False,True
2021-12-26 15:00:00+00:00,5411,0,2,False,True
2021-12-26 16:00:00+00:00,5414,0,3,False,True
2021-12-26 17:00:00+00:00,5411,0,1,False,True
2021-12-26 18:00:00+00:00,5421,0,1,False,True
2021-12-26 19:00:00+00:00,5410,0,0,False,False
2021-12-26 20:00:00+00:00,5414,0,1,False,True
2021-12-26 21:00:00+00:00,5412,0,1,False,True
2021-12-26 22:00:00+00:00,5407,0,1,False,True
2021-12-26 23:00:00+00:00,5412,0,4,False,True
2021-12-27 00:00:00+00:00,5415,0,2,False,True
2021-12-27 01:00:00+00:00,5444,0,2,False,True
2021-12-27 02:00:00+00:00,5415,0,2,False,True
2021-12-27 03:00:00+00:00,5412,0,2,False,True
2021-12-27 04:00:00+00:00,5414,0,4,False,True
2021-12-27 05:00:00+00:00,5568,0,7,False,True
2021-12-27 06:00:00+00:00,5517,0,4,False,True
2021-12-27 07:00:00+00:00,5413,0,2,False,True
2021-12-27 08:00:00+00:00,5407,0,1,False,True
2021-12-27 09:00:00+00:00,5415,0,0,False,False
2021-12-27 10:00:00+00:00,5415,0,5,False,True
2021-12-27 11:00:00+00:00,5568,0,10,False,True
2021-12-27 12:00:00+00:00,5412,0,3,False,True
2021-12-27 13:00:00+00:00,5413,0,2,False,True
2021-12-27 14:00:00+00:00,5419,0,1,False,True
2021-12-27 15:00:00+00:00,5408,0,1,False,True
2021-12-27 16:00:00+00:00,5407,0,2,False,True
2021-12-27 17:00:00+00:00,5418,0,2,False,True
2021-12-27 18:00:00+00:00,5414,0,1,False,True
2021-12-27 19:00:00+00:00,5418,0,2,False,True
2021-12-27 20:00:00+00:00,5408,0,3,False,True
2021-12-27 21:00:00+00:00,5414,0,2,False,True
2021-12-27 22:00:00+00:00,5414,0,2,False,True
2021-12-27 23:00:00+00:00,5415,0,1,False,True
2021-12-28 00:00:00+00:00,5416,0,4,False,True
2021-12-28 01:00:00+00:00,5444,0,2,False,True
2021-12-28 02:00:00+00:00,5416,0,2,False,True
2021-12-28 03:00:00+00:00,5419,0,2,False,True
2021-12-28 04:00:00+00:00,5407,0,1,False,True
2021-12-28 05:00:00+00:00,5410,0,1,False,True
2021-12-28 06:00:00+00:00,5657,0,9,False,True
2021-12-28 07:00:00+00:00,5436,0,2,False,True
2021-12-28 08:00:00+00:00,5413,0,3,False,True
2021-12-28 09:00:00+00:00,5414,0,2,False,True
2021-12-28 10:00:00+00:00,5409,0,3,False,True
2021-12-28 11:00:00+00:00,5418,0,1,False,True
2021-12-28 12:00:00+00:00,5413,0,4,False,True
2021-12-28 13:00:00+00:00,5417,0,2,False,True
2021-12-28 14:00:00+00:00,5417,0,2,False,True
2021-12-28 15:00:00+00:00,5414,0,2,False,True
2021-12-28 16:00:00+00:00,5413,0,3,False,True
2021-12-28 17:00:00+00:00,5419,0,3,False,True
2021-12-28 18:00:00+00:00,5420,0,3,False,True
2021-12-28 19:00:00+00:00,5405,0,1,False,True
2021-12-28 20:00:00+00:00,5415,0,2,False,True
2021-12-28 21:00:00+00:00,5413,0,2,False,True
2021-12-28 22:00:00+00:00,5415,0,2,False,True
2021-12-28 23:00:00+00:00,5412,0,2,False,True
2021-12-29 00:00:00+00:00,5408,0,3,False,True
2021-12-29 01:00:00+00:00,5445,0,2,False,True
2021-12-29 02:00:00+00:00,5413,0,1,False,True
2021-12-29 03:00:00+00:00,5412,0,2,False,True
2021-12-29 04:00:00+00:00,5407,0,0,False,False
2021-12-29 05:00:00+00:00,5413,0,2,False,True
2021-12-29 06:00:00+00:00,5521,0,9,False,True
2021-12-29 07:00:00+00:00,5412,0,3,False,True
2021-12-29 08:00:00+00:00,5413,0,0,False,False
2021-12-29 09:00:00+00:00,5414,0,2,False,True
2021-12-29 10:00:00+00:00,5412,0,3,False,True
2021-12-29 11:00:00+00:00,5409,0,1,False,True
2021-12-29 12:00:00+00:00,5420,0,1,False,True
2021-12-29 13:00:00+00:00,5421,0,2,False,True
2021-12-29 14:00:00+00:00,5416,0,2,False,True
2021-12-29 15:00:00+00:00,5414,0,4,False,True
2021-12-29 16:00:00+00:00,5416,0,3,False,True
2021-12-29 17:00:00+00:00,5416,0,2,False,True
2021-12-29 18:00:00+00:00,5414,0,0,False,False
2021-12-29 19:00:00+00:00,5409,0,2,False,True
2021-12-29 20:00:00+00:00,5421,0,1,False,True
2021-12-29 21:00:00+00:00,5414,0,1,False,True
2021-12-29 22:00:00+00:00,5413,0,2,False,True
2021-12-29 23:00:00+00:00,5413,0,0,False,False
2021-12-30 00:00:00+00:00,5413,0,1,False,True
2021-12-30 01:00:00+00:00,5437,0,5,False,True
2021-12-30 02:00:00+00:00,5411,0,2,False,True
2021-12-30 03:00:00+00:00,5570,0,10,False,True
2021-12-30 04:00:00+00:00,5412,0,1,False,True
2021-12-30 05:00:00+00:00,5413,0,0,False,False
2021-12-30 06:00:00+00:00,5525,0,3,False,True
2021-12-30 07:00:00+00:00,5420,0,1,False,True
2021-12-30 08:00:00+00:00,5410,0,4,False,True
2021-12-30 09:00:00+00:00,5416,0,2,False,True
2021-12-30 10:00:00+00:00,5416,0,2,False,True
2021-12-30 11:00:00+00:00,5564,0,9,False,True
2021-12-30 12:00:00+00:00,5456,0,2,False,True
2021-12-30 13:00:00+00:00,5413,0,0,False,False
2021-12-30 14:00:00+00:00,5416,0,3,False,True
2021-12-30 15:00:00+00:00,5410,0,1,False,True
2021-12-30 16:00:00+00:00,5411,0,1,False,True
2021-12-30 17:00:00+00:00,5419,0,3,False,True
2021-12-30 18:00:00+00:00,5419,0,1,False,True
2021-12-30 19:00:00+00:00,5419,0,3,False,True
2021-12-30 20:00:00+00:00,5412,0,0,False,False
2021-12-30 21:00:00+00:00,5414,0,2,False,True
2021-12-30 22:00:00+00:00,5411,0,2,False,True
2021-12-30 23:00:00+00:00,5405,0,3,False,True
2021-12-31 00:00:00+00:00,5414,0,2,False,True
2021-12-31 01:00:00+00:00,5438,0,4,False,True
2021-12-31 02:00:00+00:00,5413,0,4,False,True
2021-12-31 03:00:00+00:00,5418,0,4,False,True
2021-12-31 04:00:00+00:00,5417,0,0,False,False
2021-12-31 05:00:00+00:00,5411,0,3,False,True
2021-12-31 06:00:00+00:00,5522,0,3,False,True
2021-12-31 07:00:00+00:00,5419,0,2,False,True
2021-12-31 08:00:00+00:00,5416,0,2,False,True
2021-12-31 09:00:00+00:00,5416,0,0,False,False
2021-12-31 10:00:00+00:00,5416,0,2,False,True
2021-12-31 11:00:00+00:00,5419,0,3,False,True
2021-12-31 12:00:00+00:00,5418,0,2,False,True
2021-12-31 13:00:00+00:00,5411,0,5,False,True
2021-12-31 14:00:00+00:00,5416,0,1,False,True
2021-12-31 15:00:00+00:00,5412,0,1,False,True
2021-12-31 16:00:00+00:00,5415,0,1,False,True
2021-12-31 17:00:00+00:00,5417,0,1,False,True
2021-12-31 18:00:00+00:00,5417,0,4,False,True
2021-12-31 19:00:00+00:00,5418,0,0,False,False
2021-12-31 20:00:00+00:00,5413,0,1,False,True
2021-12-31 21:00:00+00:00,5420,0,6,False,True
2021-12-31 22:00:00+00:00,5405,0,3,False,True
2021-12-31 23:00:00+00:00,5418,0,2,False,True
2022-01-01 00:00:00+00:00,5560,0,8,False,True
2022-01-01 01:00:00+00:00,5452,0,3,False,True
2022-01-01 02:00:00+00:00,5413,0,1,False,True
2022-01-01 03:00:00+00:00,5414,0,2,False,True
2022-01-01 04:00:00+00:00,5409,0,7,False,True
2022-01-01 05:00:00+00:00,5418,0,1,False,True
2022-01-01 06:00:00+00:00,5493,0,4,False,True
2022-01-01 07:00:00+00:00,5440,0,2,False,True
2022-01-01 08:00:00+00:00,5413,0,1,False,True
2022-01-01 09:00:00+00:00,5414,0,0,False,False
2022-01-01 10:00:00+00:00,5409,0,2,False,True
2022-01-01 11:00:00+00:00,5409,0,1,False,True
2022-01-01 12:00:00+00:00,5418,0,2,False,True
2022-01-01 13:00:00+00:00,5413,0,2,False,True
2022-01-01 14:00:00+00:00,5416,0,1,False,True
2022-01-01 15:00:00+00:00,5408,0,4,False,True
2022-01-01 16:00:00+00:00,5417,0,2,False,True
2022-01-01 17:00:00+00:00,5417,0,3,False,True
2022-01-01 18:00:00+00:00,5406,0,2,False,True
2022-01-01 19:00:00+00:00,5413,0,2,False,True
2022-01-01 20:00:00+00:00,5422,0,2,False,True
2022-01-01 21:00:00+00:00,5416,0,2,False,True
2022-01-01 22:00:00+00:00,5412,0,1,False,True
2022-01-01 23:00:00+00:00,5415,0,3,False,True
2022-01-02 00:00:00+00:00,5556,0,8,False,True
2022-01-02 01:00:00+00:00,5449,0,5,False,True
2022-01-02 02:00:00+00:00,5408,0,6,False,True
2022-01-02 03:00:00+00:00,5426,0,6,False,True
2022-01-02 04:00:00+00:00,5418,0,1,False,True
2022-01-02 05:00:00+00:00,5421,0,2,False,True
2022-01-02 06:00:00+00:00,5508,0,6,False,True
2022-01-02 07:00:00+00:00,5431,0,2,False,True
2022-01-02 08:00:00+00:00,5415,0,1,False,True
2022-01-02 09:00:00+00:00,5408,0,3,False,True
2022-01-02 10:00:00+00:00,5418,0,5,False,True
2022-01-02 11:00:00+00:00,5428,0,4,False,True
2022-01-02 12:00:00+00:00,5416,0,2,False,True
2022-01-02 13:00:00+00:00,5410,0,3,False,True
2022-01-02 14:00:00+00:00,5413,0,1,False,True
2022-01-02 15:00:00+00:00,5415,0,0,False,False
2022-01-02 16:00:00+00:00,5427,0,8,False,True
2022-01-02 17:00:00+00:00,5414,0,2,False,True
2022-01-02 18:00:00+00:00,5410,0,4,False,True
2022-01-02 19:00:00+00:00,5415,0,1,False,True
2022-01-02 20:00:00+00:00,5414,0,2,False,True
2022-01-02 21:00:00+00:00,5562,0,10,False,True
2022-01-02 22:00:00+00:00,5415,0,2,False,True
2022-01-02 23:00:00+00:00,5408,0,2,False,True
2022-01-03 00:00:00+00:00,5418,0,1,False,True
2022-01-03 01:00:00+00:00,5445,0,3,False,True
2022-01-03 02:00:00+00:00,5432,0,9,False,True
2022-01-03 03:00:00+00:00,5414,0,4,False,True
2022-01-03 04:00:00+00:00,5417,0,1,False,True
2022-01-03 05:00:00+00:00,5418,0,4,False,True
2022-01-03 06:00:00+00:00,5520,0,4,False,True
2022-01-03 07:00:00+00:00,5410,0,2,False,True
2022-01-03 08:00:00+00:00,5409,0,2,False,True
2022-01-03 09:00:00+00:00,5415,0,3,False,True
2022-01-03 10:00:00+00:00,5395,0,1,False,True
2022-01-03 11:00:00+00:00,5399,0,2,False,True
2022-01-03 12:00:00+00:00,5412,0,4,False,True
2022-01-03 13:00:00+00:00,5413,0,3,False,True
2022-01-03 14:00:00+00:00,5408,0,2,False,True
2022-01-03 15:00:00+00:00,5418,0,2,False,True
2022-01-03 16:00:00+00:00,5413,0,2,False,True
2022-01-03 17:00:00+00:00,5411,0,0,False,False
2022-01-03 18:00:00+00:00,5416,0,4,False,True
2022-01-03 19:00:00+00:00,5429,0,6,False,True
2022-01-03 20:00:00+00:00,5417,0,2,False,True
2022-01-03 21:00:00+00:00,5418,0,2,False,True
2022-01-03 22:00:00+00:00,5415,0,1,False,True
2022-01-03 23:00:00+00:00,5411,0,2,False,True
2022-01-04 00:00:00+00:00,5407,0,1,False,True
2022-01-04 01:00:00+00:00,5445,0,3,False,True
2022-01-04 02:00:00+00:00,5411,0,0,False,False
2022-01-04 03:00:00+00:00,5561,0,8,False,True
2022-01-04 04:00:00+00:00,5424,0,5,False,True
2022-01-04 05:00:00+00:00,5415,0,6,False,True
2022-01-04 06:00:00+00:00,5529,0,1,False,True
2022-01-04 07:00:00+00:00,5404,0,6,False,True
2022-01-04 08:00:00+00:00,5418,0,1,False,True
2022-01-04 09:00:00+00:00,5416,0,2,False,True
2022-01-04 10:00:00+00:00,5434,0,3,False,True
2022-01-04 11:00:00+00:00,5433,0,8,False,True
2022-01-04 12:00:00+00:00,5406,0,4,False,True
2022-01-04 13:00:00+00:00,5479,0,4,False,True
2022-01-04 14:00:00+00:00,5405,0,2,False,True
2022-01-04 15:00:00+00:00,5414,0,1,False,True
2022-01-04 16:00:00+00:00,5407,0,4,False,True
2022-01-04 17:00:00+00:00,6524,0,127,False,True
2022-01-04 18:00:00+00:00,8982,0,500,False,True
2022-01-04 19:00:00+00:00,8083,0,89,False,True
2022-01-04 20:00:00+00:00,7870,0,41,False,True
2022-01-04 21:00:00+00:00,29824,0,21652,False,True
2022-01-04 22:00:00+00:00,7759,0,43,False,True
2022-01-04 23:00:00+00:00,7741,0,29,False,True
2022-01-05 00:00:00+00:00,7720,0,44,False,True
2022-01-05 01:00:00+00:00,7806,0,59,False,True
2022-01-05 02:00:00+00:00,7696,0,13,False,True
2022-01-05 03:00:00+00:00,7765,0,58,False,True
2022-01-05 04:00:00+00:00,7732,0,31,False,True
2022-01-05 05:00:00+00:00,7748,0,41,False,True
2022-01-05 06:00:00+00:00,7878,0,62,False,True
2022-01-05 07:00:00+00:00,7757,0,38,False,True
2022-01-05 08:00:00+00:00,7145,0,35,False,True
2022-01-05 09:00:00+00:00,7151,0,32,False,True
2022-01-05 10:00:00+00:00,7125,0,42,False,True
2022-01-05 11:00:00+00:00,7161,0,59,False,True
2022-01-05 12:00:00+00:00,9126,0,845,False,True
2022-01-05 13:00:00+00:00,8097,0,491,False,True
2022-01-05 14:00:00+00:00,7659,0,247,False,True
2022-01-05 15:00:00+00:00,7765,0,257,False,True
2022-01-05 16:00:00+00:00,7639,0,237,False,True
2022-01-05 17:00:00+00:00,7554,0,215,False,True
2022-01-05 18:00:00+00:00,7619,0,308,False,True
2022-01-05 19:00:00+00:00,7524,0,210,False,True
2022-01-05 20:00:00+00:00,15490,0,8215,False,True
2022-01-05 21:00:00+00:00,7489,0,206,False,True
2022-01-05 22:00:00+00:00,7499,0,214,False,True
2022-01-05 23:00:00+00:00,7504,0,213,False,True
2022-01-06 00:00:00+00:00,7713,0,297,False,True
2022-01-06 01:00:00+00:00,7524,0,218,False,True
2022-01-06 02:00:00+00:00,7494,0,209,False,True
2022-01-06 03:00:00+00:00,7650,0,216,False,True
2022-01-06 04:00:00+00:00,7487,0,191,False,True
2022-01-06 05:00:00+00:00,7808,0,387,False,True
2022-01-06 06:00:00+00:00,8752,0,986,False,True
2022-01-06 07:00:00+00:00,8417,0,792,False,True
2022-01-06 08:00:00+00:00,35608,0,25965,False,True
2022-01-06 09:00:00+00:00,54838,0,46849,False,True
2022-01-06 10:00:00+00:00,8389,0,765,False,True
2022-01-06 11:00:00+00:00,8523,0,774,False,True
2022-01-06 12:00:00+00:00,8437,0,796,False,True
2022-01-06 13:00:00+00:00,9978,0,1202,False,True
2022-01-06 14:00:00+00:00,9907,0,765,False,True
2022-01-06 15:00:00+00:00,10275,0,1189,False,True
2022-01-06 16:00:00+00:00,10189,0,1063,False,True
2022-01-06 17:00:00+00:00,10232,0,1053,False,True
2022-01-06 18:00:00+00:00,9468,0,979,False,True
2022-01-06 19:00:00+00:00,7462,0,765,False,True
2022-01-06 20:00:00+00:00,7111,0,478,False,True
2022-01-06 21:00:00+00:00,7227,0,764,False,True
2022-01-06 22:00:00+00:00,7242,0,731,False,True
2022-01-06 23:00:00+00:00,7241,0,780,False,True
2022-01-07 00:00:00+00:00,7235,0,743,False,True
2022-01-07 01:00:00+00:00,7353,0,793,False,True
2022-01-07 02:00:00+00:00,7251,0,789,False,True
2022-01-07 03:00:00+00:00,7345,0,861,False,True
2022-01-07 04:00:00+00:00,7230,0,775,False,True
2022-01-07 05:00:00+00:00,7233,0,779,False,True
2022-01-07 06:00:00+00:00,7496,0,934,False,True
2022-01-07 07:00:00+00:00,7315,0,810,False,True
2022-01-07 08:00:00+00:00,7389,0,784,False,True
2022-01-07 09:00:00+00:00,7094,0,654,False,True
2022-01-07 10:00:00+00:00,7262,0,840,False,True
2022-01-07 11:00:00+00:00,7176,0,753,False,True
2022-01-07 12:00:00+00:00,7125,0,745,False,True
2022-01-07 13:00:00+00:00,7371,0,844,False,True
2022-01-07 14:00:00+00:00,7133,0,743,False,True
2022-01-07 15:00:00+00:00,7207,0,779,False,True
2022-01-07 16:00:00+00:00,7156,0,721,False,True
2022-01-07 17:00:00+00:00,7080,0,756,False,True
2022-01-07 18:00:00+00:00,1014,0,161,False,True
2022-01-07 19:00:00+00:00,7115,0,723,False,True
2022-01-07 20:00:00+00:00,7143,0,747,False,True
2022-01-07 21:00:00+00:00,7133,0,728,False,True
2022-01-07 22:00:00+00:00,7123,0,745,False,True
2022-01-07 23:00:00+00:00,7191,0,798,False,True
2022-01-08 00:00:00+00:00,7113,0,727,False,True
2022-01-08 01:00:00+00:00,7168,0,750,False,True
2022-01-08 02:00:00+00:00,7230,0,801,False,True
2022-01-08 03:00:00+00:00,7106,0,739,False,True
2022-01-08 04:00:00+00:00,7207,0,773,False,True
2022-01-08 05:00:00+00:00,7176,0,781,False,True
2022-01-08 06:00:00+00:00,7493,0,986,False,True
2022-01-08 07:00:00+00:00,7132,0,719,False,True
2022-01-08 08:00:00+00:00,7285,0,781,False,True
2022-01-08 09:00:00+00:00,7234,0,795,False,True
2022-01-08 10:00:00+00:00,7126,0,710,False,True
2022-01-08 11:00:00+00:00,7185,0,793,False,True
2022-01-08 12:00:00+00:00,7268,0,848,False,True
2022-01-08 13:00:00+00:00,7365,0,817,False,True
2022-01-08 14:00:00+00:00,7188,0,767,False,True
2022-01-08 15:00:00+00:00,7206,0,774,False,True
2022-01-08 16:00:00+00:00,7147,0,737,False,True
2022-01-08 17:00:00+00:00,7149,0,711,False,True
2022-01-08 18:00:00+00:00,7365,0,961,False,True
2022-01-08 19:00:00+00:00,7227,0,787,False,True
2022-01-08 20:00:00+00:00,7193,0,768,False,True
2022-01-08 21:00:00+00:00,7131,0,741,False,True
2022-01-08 22:00:00+00:00,7266,0,834,False,True
2022-01-08 23:00:00+00:00,7114,0,721,False,True
2022-01-09 00:00:00+00:00,7100,0,688,False,True
2022-01-09 01:00:00+00:00,7321,0,877,False,True
2022-01-09 02:00:00+00:00,7103,0,716,False,True
2022-01-09 03:00:00+00:00,7229,0,824,False,True
2022-01-09 04:00:00+00:00,7134,0,738,False,True
2022-01-09 05:00:00+00:00,7193,0,790,False,True
2022-01-09 06:00:00+00:00,7482,0,963,False,True
2022-01-09 07:00:00+00:00,7275,0,787,False,True
2022-01-09 08:00:00+00:00,7223,0,798,False,True
2022-01-09 09:00:00+00:00,7167,0,773,False,True
2022-01-09 10:00:00+00:00,7114,0,697,False,True
2022-01-09 11:00:00+00:00,7154,0,752,False,True
2022-01-09 12:00:00+00:00,7106,0,706,False,True
2022-01-09 13:00:00+00:00,7139,0,632,False,True
2022-01-09 14:00:00+00:00,7796,0,1020,False,True
2022-01-09 15:00:00+00:00,8175,0,849,False,True
2022-01-09 16:00:00+00:00,7977,0,772,False,True
2022-01-09 17:00:00+00:00,7944,0,778,False,True
2022-01-09 18:00:00+00:00,7994,0,818,False,True
2022-01-09 19:00:00+00:00,7942,0,732,False,True
2022-01-09 20:00:00+00:00,7914,0,742,False,True
2022-01-09 21:00:00+00:00,7962,0,778,False,True
2022-01-09 22:00:00+00:00,7919,0,755,False,True
2022-01-09 23:00:00+00:00,7965,0,777,False,True
2022-01-10 00:00:00+00:00,8082,0,754,False,True
2022-01-10 01:00:00+00:00,8051,0,820,False,True
2022-01-10 02:00:00+00:00,7988,0,783,False,True
2022-01-10 03:00:00+00:00,7901,0,736,False,True
2022-01-10 04:00:00+00:00,7897,0,731,False,True
2022-01-10 05:00:00+00:00,8002,0,802,False,True
2022-01-10 06:00:00+00:00,8184,0,880,False,True
2022-01-10 07:00:00+00:00,8028,0,840,False,True
2022-01-10 08:00:00+00:00,7924,0,731,False,True
2022-01-10 09:00:00+00:00,7977,0,769,False,True
2022-01-10 10:00:00+00:00,8131,0,882,False,True
2022-01-10 11:00:00+00:00,8012,0,833,False,True
2022-01-10 12:00:00+00:00,7944,0,758,False,True
2022-01-10 13:00:00+00:00,8042,0,826,False,True
2022-01-10 14:00:00+00:00,7934,0,758,False,True
2022-01-10 15:00:00+00:00,7918,0,742,False,True
2022-01-10 16:00:00+00:00,7955,0,762,False,True
2022-01-10 17:00:00+00:00,8172,0,826,False,True
2022-01-10 18:00:00+00:00,7938,0,778,False,True
2022-01-10 19:00:00+00:00,8040,0,808,False,True
2022-01-10 20:00:00+00:00,7949,0,758,False,True
2022-01-10 21:00:00+00:00,7985,0,792,False,True
2022-01-10 22:00:00+00:00,7962,0,768,False,True
2022-01-10 23:00:00+00:00,7933,0,765,False,True
2022-01-11 00:00:00+00:00,8010,0,806,False,True
2022-01-11 01:00:00+00:00,7915,0,737,False,True
2022-01-11 02:00:00+00:00,7983,0,795,False,True
2022-01-11 03:00:00+00:00,7938,0,726,False,True
2022-01-11 04:00:00+00:00,7911,0,753,False,True
2022-01-11 05:00:00+00:00,7979,0,779,False,True
2022-01-11 06:00:00+00:00,9272,0,1206,False,True
2022-01-11 07:00:00+00:00,7946,0,747,False,True
2022-01-11 08:00:00+00:00,7938,0,754,False,True
2022-01-11 09:00:00+00:00,7985,0,810,False,True
2022-01-11 10:00:00+00:00,7871,0,708,False,True
2022-01-11 11:00:00+00:00,7856,0,693,False,True
2022-01-11 12:00:00+00:00,7903,0,729,False,True
2022-01-11 13:00:00+00:00,7917,0,733,False,True
2022-01-11 14:00:00+00:00,7981,0,772,False,True
2022-01-11 15:00:00+00:00,7894,0,735,False,True
2022-01-11 16:00:00+00:00,15936,0,8319,False,True
2022-01-11 17:00:00+00:00,8021,0,695,False,True
2022-01-11 18:00:00+00:00,7955,0,755,False,True
2022-01-11 19:00:00+00:00,7929,0,719,False,True
2022-01-11 20:00:00+00:00,7963,0,783,False,True
2022-01-11 21:00:00+00:00,7931,0,741,False,True
2022-01-11 22:00:00+00:00,7872,0,721,False,True
2022-01-11 23:00:00+00:00,7897,0,718,False,True
2022-01-12 00:00:00+00:00,7895,0,707,False,True
2022-01-12 01:00:00+00:00,7972,0,776,False,True
2022-01-12 02:00:00+00:00,7888,0,724,False,True
2022-01-12 03:00:00+00:00,7922,0,733,False,True
2022-01-12 04:00:00+00:00,7998,0,733,False,True
2022-01-12 05:00:00+00:00,8019,0,706,False,True
2022-01-12 06:00:00+00:00,8276,0,941,False,True
2022-01-12 07:00:00+00:00,7886,0,721,False,True
2022-01-12 08:00:00+00:00,7935,0,739,False,True
2022-01-12 09:00:00+00:00,7907,0,726,False,True
2022-01-12 10:00:00+00:00,7960,0,784,False,True
2022-01-12 11:00:00+00:00,7910,0,734,False,True
2022-01-12 12:00:00+00:00,7890,0,726,False,True
2022-01-12 13:00:00+00:00,7872,0,700,False,True
2022-01-12 14:00:00+00:00,7941,0,737,False,True
2022-01-12 15:00:00+00:00,7876,0,715,False,True
2022-01-12 16:00:00+00:00,7966,0,762,False,True
2022-01-12 17:00:00+00:00,7904,0,727,False,True
2022-01-12 18:00:00+00:00,7883,0,729,False,True
2022-01-12 19:00:00+00:00,7920,0,722,False,True
2022-01-12 20:00:00+00:00,7972,0,785,False,True
2022-01-12 21:00:00+00:00,7938,0,750,False,True
2022-01-12 22:00:00+00:00,7924,0,764,False,True
2022-01-12 23:00:00+00:00,7904,0,720,False,True
2022-01-13 00:00:00+00:00,7871,0,682,False,True
2022-01-13 01:00:00+00:00,8031,0,772,False,True
2022-01-13 02:00:00+00:00,7936,0,755,False,True
2022-01-13 03:00:00+00:00,7959,0,781,False,True
2022-01-13 04:00:00+00:00,7925,0,735,False,True
2022-01-13 05:00:00+00:00,7873,0,710,False,True
2022-01-13 06:00:00+00:00,8264,0,941,False,True
2022-01-13 07:00:00+00:00,7883,0,715,False,True
2022-01-13 08:00:00+00:00,8095,0,741,False,True
2022-01-13 09:00:00+00:00,7934,0,769,False,True
2022-01-13 10:00:00+00:00,7905,0,733,False,True
2022-01-13 11:00:00+00:00,7953,0,752,False,True
2022-01-13 12:00:00+00:00,7880,0,723,False,True
2022-01-13 13:00:00+00:00,7958,0,743,False,True
2022-01-13 14:00:00+00:00,7907,0,726,False,True
2022-01-13 15:00:00+00:00,7909,0,727,False,True
2022-01-13 16:00:00+00:00,7956,0,779,False,True
2022-01-13 17:00:00+00:00,7869,0,715,False,True
2022-01-13 18:00:00+00:00,7891,0,711,False,True
2022-01-13 19:00:00+00:00,7946,0,733,False,True
2022-01-13 20:00:00+00:00,7931,0,759,False,True
2022-01-13 21:00:00+00:00,7925,0,739,False,True
2022-01-13 22:00:00+00:00,7911,0,741,False,True
2022-01-13 23:00:00+00:00,7917,0,729,False,True
2022-01-14 00:00:00+00:00,7921,0,757,False,True
2022-01-14 01:00:00+00:00,7864,0,705,False,True
2022-01-14 02:00:00+00:00,7935,0,742,False,True
2022-01-14 03:00:00+00:00,7900,0,721,False,True
2022-01-14 04:00:00+00:00,7973,0,775,False,True
2022-01-14 05:00:00+00:00,7913,0,736,False,True
2022-01-14 06:00:00+00:00,8203,0,907,False,True
2022-01-14 07:00:00+00:00,7908,0,732,False,True
2022-01-14 08:00:00+00:00,7901,0,733,False,True
2022-01-14 09:00:00+00:00,7889,0,720,False,True
2022-01-14 10:00:00+00:00,7956,0,752,False,True
2022-01-14 11:00:00+00:00,7885,0,728,False,True
2022-01-14 12:00:00+00:00,7897,0,725,False,True
2022-01-14 13:00:00+00:00,7997,0,807,False,True
2022-01-14 14:00:00+00:00,11991,0,4735,False,True
2022-01-14 16:00:00+00:00,9518,0,2686,False,True
2022-01-14 17:00:00+00:00,8035,0,719,False,True
2022-01-14 18:00:00+00:00,7902,0,736,False,True
2022-01-14 19:00:00+00:00,7888,0,700,False,True
2022-01-14 20:00:00+00:00,7874,0,707,False,True
2022-01-14 21:00:00+00:00,7972,0,761,False,True
2022-01-14 22:00:00+00:00,8015,0,744,False,True
2022-01-14 23:00:00+00:00,7860,0,693,False,True
2022-01-15 00:00:00+00:00,7921,0,738,False,True
2022-01-15 01:00:00+00:00,7861,0,689,False,True
2022-01-15 02:00:00+00:00,7883,0,726,False,True
2022-01-15 03:00:00+00:00,7881,0,713,False,True
2022-01-15 04:00:00+00:00,7898,0,716,False,True
2022-01-15 05:00:00+00:00,7874,0,708,False,True
2022-01-15 06:00:00+00:00,8213,0,927,False,True
2022-01-15 07:00:00+00:00,7967,0,778,False,True
2022-01-15 08:00:00+00:00,7914,0,740,False,True
2022-01-15 09:00:00+00:00,7874,0,717,False,True
2022-01-15 10:00:00+00:00,7984,0,785,False,True
2022-01-15 11:00:00+00:00,7951,0,730,False,True
2022-01-15 12:00:00+00:00,7881,0,715,False,True
2022-01-15 13:00:00+00:00,8380,0,739,False,True
2022-01-15 14:00:00+00:00,8111,0,760,False,True
2022-01-15 15:00:00+00:00,7956,0,730,False,True
2022-01-15 16:00:00+00:00,7933,0,714,False,True
2022-01-15 17:00:00+00:00,7919,0,715,False,True
2022-01-15 18:00:00+00:00,8184,0,775,False,True
2022-01-15 19:00:00+00:00,8014,0,765,False,True
2022-01-15 20:00:00+00:00,7954,0,738,False,True
2022-01-15 21:00:00+00:00,7993,0,743,False,True
2022-01-15 22:00:00+00:00,7998,0,757,False,True
2022-01-15 23:00:00+00:00,7928,0,710,False,True
2022-01-16 00:00:00+00:00,7936,0,725,False,True
2022-01-16 01:00:00+00:00,7934,0,722,False,True
2022-01-16 02:00:00+00:00,8033,0,773,False,True
2022-01-16 03:00:00+00:00,7950,0,729,False,True
2022-01-16 04:00:00+00:00,8044,0,727,False,True
2022-01-16 05:00:00+00:00,8044,0,787,False,True
2022-01-16 06:00:00+00:00,8312,0,928,False,True
2022-01-16 07:00:00+00:00,8074,0,715,False,True
2022-01-16 08:00:00+00:00,8019,0,757,False,True
2022-01-16 09:00:00+00:00,7920,0,715,False,True
2022-01-16 10:00:00+00:00,7959,0,724,False,True
2022-01-16 11:00:00+00:00,8000,0,768,False,True
2022-01-16 12:00:00+00:00,7992,0,739,False,True
2022-01-16 13:00:00+00:00,7943,0,742,False,True
2022-01-16 14:00:00+00:00,7933,0,706,False,True
2022-01-16 15:00:00+00:00,7896,0,687,False,True
2022-01-16 16:00:00+00:00,8029,0,779,False,True
2022-01-16 17:00:00+00:00,7965,0,739,False,True
2022-01-16 18:00:00+00:00,7931,0,718,False,True
2022-01-16 19:00:00+00:00,7959,0,714,False,True
2022-01-16 20:00:00+00:00,8105,0,756,False,True
2022-01-16 21:00:00+00:00,8028,0,780,False,True
2022-01-16 22:00:00+00:00,7935,0,718,False,True
2022-01-16 23:00:00+00:00,7946,0,719,False,True
2022-01-17 00:00:00+00:00,7985,0,743,False,True
2022-01-17 01:00:00+00:00,7954,0,720,False,True
2022-01-17 02:00:00+00:00,7977,0,739,False,True
2022-01-17 03:00:00+00:00,7932,0,706,False,True
2022-01-17 04:00:00+00:00,7928,0,705,False,True
2022-02-10 03:00:00+00:00,18,18,9,True,True
2022-02-10 04:00:00+00:00,1130,1130,735,True,True
2022-02-10 05:00:00+00:00,815,815,540,True,True
2022-02-10 14:00:00+00:00,8,8,8,True,True
2022-02-10 17:00:00+00:00,7594,7594,7581,True,True
2022-02-11 09:00:00+00:00,2094,2094,2094,True,True
2022-02-11 12:00:00+00:00,1997,1997,1997,True,True
2022-02-11 22:00:00+00:00,6,6,6,True,True
2022-02-12 13:00:00+00:00,16141,16141,16141,True,True
2022-02-12 14:00:00+00:00,8509,8509,8509,True,True
2022-02-12 16:00:00+00:00,19,19,19,True,True
2022-02-17 14:00:00+00:00,2,2,2,True,True
2022-02-18 09:00:00+00:00,1,1,1,True,True
2022-02-18 10:00:00+00:00,9,9,9,True,True
2022-02-18 11:00:00+00:00,4,4,4,True,True
2022-02-18 14:00:00+00:00,3,3,3,True,True
2022-02-19 12:00:00+00:00,23,23,23,True,True
2022-02-19 13:00:00+00:00,5,5,5,True,True
2022-02-19 19:00:00+00:00,1,1,1,True,True
2022-08-31 03:00:00+00:00,8,8,0,True,False
2022-08-31 04:00:00+00:00,16,16,0,True,False
2022-08-31 05:00:00+00:00,16,16,0,True,False
2022-08-31 06:00:00+00:00,19,19,0,True,False
2022-08-31 07:00:00+00:00,21,21,3,True,True
2022-08-31 08:00:00+00:00,16,16,0,True,False
2022-08-31 09:00:00+00:00,378,378,0,True,False
2022-08-31 10:00:00+00:00,19,19,0,True,False
2022-08-31 11:00:00+00:00,16,16,0,True,False
2022-08-31 12:00:00+00:00,16,16,0,True,False
2022-08-31 13:00:00+00:00,16,16,0,True,False
2022-08-31 14:00:00+00:00,16,16,0,True,False
2022-08-31 15:00:00+00:00,381,381,0,True,False
2022-08-31 16:00:00+00:00,12,12,4,True,True
2022-08-31 17:00:00+00:00,1496,1496,918,True,True
2022-08-31 18:00:00+00:00,91,91,91,True,True
2022-08-31 21:00:00+00:00,4,4,4,True,True
2022-08-31 23:00:00+00:00,2893,2893,1839,True,True
2022-09-01 00:00:00+00:00,304,304,304,True,True
2022-09-01 01:00:00+00:00,33,33,31,True,True
2022-09-01 02:00:00+00:00,1500,1500,941,True,True
2022-09-01 03:00:00+00:00,1489,1489,936,True,True
2022-09-01 07:00:00+00:00,8,8,0,True,False
2022-09-01 20:00:00+00:00,1869,1869,1248,True,True
2022-09-01 21:00:00+00:00,1595,1595,996,True,True
2022-09-01 22:00:00+00:00,146,146,60,True,True
2022-09-01 23:00:00+00:00,22,22,22,True,True
2022-09-02 00:00:00+00:00,10,10,10,True,True
2022-09-02 01:00:00+00:00,10,10,10,True,True
2022-09-02 02:00:00+00:00,198,198,198,True,True
2022-09-02 03:00:00+00:00,14,14,14,True,True
2022-09-02 04:00:00+00:00,10,10,10,True,True
2022-09-02 05:00:00+00:00,10,10,10,True,True
2022-09-02 06:00:00+00:00,10,10,10,True,True
2022-09-02 07:00:00+00:00,18,18,10,True,True
2022-09-02 08:00:00+00:00,195,195,195,True,True
2022-09-02 09:00:00+00:00,10,10,10,True,True
2022-09-02 10:00:00+00:00,10,10,10,True,True
2022-09-02 11:00:00+00:00,16,16,16,True,True
2022-09-02 12:00:00+00:00,10,10,10,True,True
2022-09-02 13:00:00+00:00,10,10,10,True,True
2022-09-02 14:00:00+00:00,192,192,192,True,True
2022-09-02 15:00:00+00:00,10,10,10,True,True
2022-09-02 16:00:00+00:00,12,12,12,True,True
2022-09-02 17:00:00+00:00,10,10,10,True,True
2022-09-02 18:00:00+00:00,10,10,10,True,True
2022-09-02 19:00:00+00:00,44,44,34,True,True
2022-09-02 20:00:00+00:00,301,301,264,True,True
2022-09-02 21:00:00+00:00,34,34,24,True,True
2022-09-02 22:00:00+00:00,10,10,10,True,True
2022-09-02 23:00:00+00:00,10,10,10,True,True
2022-09-03 00:00:00+00:00,10,10,10,True,True
2022-09-03 01:00:00+00:00,10,10,10,True,True
2022-09-03 02:00:00+00:00,196,196,196,True,True
2022-09-03 03:00:00+00:00,10,10,10,True,True
2022-09-03 04:00:00+00:00,10,10,10,True,True
2022-09-03 05:00:00+00:00,10,10,10,True,True
2022-09-03 06:00:00+00:00,10,10,10,True,True
2022-09-03 07:00:00+00:00,16,16,10,True,True
2022-09-03 08:00:00+00:00,192,192,192,True,True
2022-09-03 09:00:00+00:00,10,10,10,True,True
2022-09-03 10:00:00+00:00,10,10,10,True,True
2022-09-03 11:00:00+00:00,122,122,122,True,True
2022-09-03 12:00:00+00:00,10,10,10,True,True
2022-09-03 13:00:00+00:00,10,10,10,True,True
2022-09-03 14:00:00+00:00,191,191,191,True,True
2022-09-03 15:00:00+00:00,10,10,10,True,True
2022-09-03 16:00:00+00:00,12,12,12,True,True
2022-09-03 17:00:00+00:00,303,303,126,True,True
2022-09-03 18:00:00+00:00,2533,2533,1340,True,True
2022-09-03 19:00:00+00:00,1545,1545,948,True,True
2022-09-03 20:00:00+00:00,1811,1811,1157,True,True
2022-09-03 21:00:00+00:00,1894,1894,957,True,True
2022-09-03 22:00:00+00:00,6,6,3,True,True
2022-09-03 23:00:00+00:00,10,10,10,True,True
2022-09-04 00:00:00+00:00,10,10,10,True,True
2022-09-04 01:00:00+00:00,10,10,10,True,True
2022-09-04 02:00:00+00:00,16,16,16,True,True
2022-09-04 03:00:00+00:00,8,8,8,True,True
2022-09-04 04:00:00+00:00,10,10,10,True,True
2022-09-04 05:00:00+00:00,4,4,4,True,True
2022-09-04 06:00:00+00:00,10,10,10,True,True
2022-09-04 07:00:00+00:00,16,16,10,True,True
2022-09-04 08:00:00+00:00,186,186,186,True,True
2022-09-04 09:00:00+00:00,10,10,10,True,True
2022-09-04 10:00:00+00:00,10,10,10,True,True
2022-09-04 11:00:00+00:00,122,122,122,True,True
2022-09-04 12:00:00+00:00,10,10,10,True,True
2022-09-04 13:00:00+00:00,10,10,10,True,True
2022-09-04 14:00:00+00:00,192,192,192,True,True
2022-09-04 15:00:00+00:00,10,10,10,True,True
2022-09-04 16:00:00+00:00,12,12,12,True,True
2022-09-04 17:00:00+00:00,6,6,6,True,True
2022-09-04 18:00:00+00:00,9,9,9,True,True
2022-09-04 19:00:00+00:00,19,19,12,True,True
2022-09-04 20:00:00+00:00,6,6,6,True,True
2022-09-05 00:00:00+00:00,6,6,6,True,True
2022-09-05 02:00:00+00:00,181,181,181,True,True
2022-09-05 04:00:00+00:00,6,6,6,True,True
2022-09-05 15:00:00+00:00,6,6,6,True,True
2022-09-05 18:00:00+00:00,4,4,4,True,True
2022-09-06 04:00:00+00:00,6,6,6,True,True
2022-09-06 16:00:00+00:00,20,20,17,True,True
2022-09-14 16:00:00+00:00,10011,10011,10011,True,True
2022-09-14 17:00:00+00:00,6005,6005,6005,True,True
2022-09-15 20:00:00+00:00,49,49,49,True,True
2022-09-15 21:00:00+00:00,12,12,12,True,True
2022-09-18 20:00:00+00:00,4,4,4,True,True
2022-09-18 21:00:00+00:00,32,32,32,True,True
2022-09-18 23:00:00+00:00,4,4,4,True,True
2022-09-19 00:00:00+00:00,8,8,8,True,True
2022-09-19 01:00:00+00:00,3998,3998,3998,True,True
2022-09-19 02:00:00+00:00,3996,3996,3996,True,True
2022-09-19 03:00:00+00:00,12,12,12,True,True
2022-09-20 18:00:00+00:00,1,1,1,True,True
2022-09-20 19:00:00+00:00,8,8,8,True,True
2022-09-21 17:00:00+00:00,10,10,10,True,True
2022-09-21 19:00:00+00:00,262312,262312,262312,True,True
2022-09-21 20:00:00+00:00,27,27,27,True,True
2022-09-21 21:00:00+00:00,35,35,35,True,True
2022-09-25 00:00:00+00:00,5,5,5,True,True
2022-09-25 01:00:00+00:00,2,2,2,True,True
2022-09-25 17:00:00+00:00,4,4,4,True,True
2022-09-25 19:00:00+00:00,5,5,5,True,True
2022-09-25 20:00:00+00:00,1,1,1,True,True
2022-09-25 21:00:00+00:00,4,4,4,True,True
2022-09-27 02:00:00+00:00,10,10,10,True,True
2022-09-27 03:00:00+00:00,2,2,2,True,True
2022-09-27 18:00:00+00:00,2,2,2,True,True
2022-09-28 02:00:00+00:00,1,1,1,True,True
2022-09-28 03:00:00+00:00,1,1,1,True,True
2022-09-28 16:00:00+00:00,11,11,11,True,True
2022-10-04 11:00:00+00:00,1,1,1,True,True
2022-10-05 18:00:00+00:00,3,3,3,True,True
2022-10-11 16:00:00+00:00,1,1,1,True,True
2022-10-12 16:00:00+00:00,3,3,3,True,True
2022-10-12 17:00:00+00:00,9,9,9,True,True
2022-10-12 18:00:00+00:00,11,11,11,True,True
2022-10-18 16:00:00+00:00,1,1,1,True,True
2022-10-18 17:00:00+00:00,5,5,5,True,True
2022-10-18 18:00:00+00:00,1,1,1,True,True
2022-10-18 22:00:00+00:00,2,2,2,True,True
2022-10-19 17:00:00+00:00,3,3,3,True,True
2022-10-20 21:00:00+00:00,1,1,1,True,True
2022-10-23 22:00:00+00:00,1,1,1,True,True
2024-02-28 04:00:00+00:00,3291,3291,3291,True,True
2024-02-28 05:00:00+00:00,3103,3103,3103,True,True
2024-02-28 06:00:00+00:00,3339,3339,3339,True,True
2024-02-28 07:00:00+00:00,3204,3204,3204,True,True
2024-02-28 08:00:00+00:00,3276,3276,3276,True,True
2024-02-28 09:00:00+00:00,3171,3171,3171,True,True
2024-02-28 10:00:00+00:00,3331,3331,3331,True,True
2024-02-28 11:00:00+00:00,3240,3240,3240,True,True
2024-02-28 12:00:00+00:00,3277,3277,3277,True,True
2024-02-28 13:00:00+00:00,3561,3561,3561,True,True
2024-02-28 14:00:00+00:00,3265,3265,3265,True,True
2024-02-28 15:00:00+00:00,3255,3255,3255,True,True
2024-02-28 16:00:00+00:00,3259,3259,3259,True,True
2024-02-28 17:00:00+00:00,3281,3281,3281,True,True
2024-02-28 18:00:00+00:00,3249,3249,3249,True,True
2024-02-28 19:00:00+00:00,3247,3247,3247,True,True
2024-02-28 20:00:00+00:00,3124,3124,3124,True,True
2024-02-28 21:00:00+00:00,3508,3508,3508,True,True
2024-02-28 22:00:00+00:00,3260,3260,3260,True,True
2024-02-28 23:00:00+00:00,3278,3278,3278,True,True
2024-02-29 00:00:00+00:00,3144,3144,3144,True,True
2024-02-29 01:00:00+00:00,3260,3260,3260,True,True
2024-02-29 02:00:00+00:00,3049,3049,3049,True,True
2024-02-29 03:00:00+00:00,3308,3308,3308,True,True
2024-02-29 04:00:00+00:00,3160,3160,3160,True,True
2024-02-29 05:00:00+00:00,3146,3146,3146,True,True
2024-02-29 06:00:00+00:00,3262,3262,3262,True,True
2024-02-29 07:00:00+00:00,3279,3279,3279,True,True
2024-02-29 08:00:00+00:00,3597,3597,3597,True,True
2024-02-29 09:00:00+00:00,3091,3091,3091,True,True
2024-02-29 10:00:00+00:00,3882,3882,3882,True,True
2024-02-29 11:00:00+00:00,3274,3274,3274,True,True
2024-02-29 12:00:00+00:00,3666,3666,3666,True,True
2024-02-29 13:00:00+00:00,3271,3271,3271,True,True
2024-02-29 14:00:00+00:00,3269,3269,3269,True,True
2024-02-29 15:00:00+00:00,3299,3299,3299,True,True
2024-02-29 16:00:00+00:00,3314,3314,3314,True,True
2024-02-29 17:00:00+00:00,3298,3298,3298,True,True
2024-02-29 18:00:00+00:00,3645,3645,3645,True,True
2024-02-29 19:00:00+00:00,3307,3307,3307,True,True
2024-02-29 20:00:00+00:00,3302,3302,3302,True,True
2024-02-29 21:00:00+00:00,3234,3234,3234,True,True
2024-02-29 22:00:00+00:00,3238,3238,3238,True,True
2024-02-29 23:00:00+00:00,3260,3260,3260,True,True
2024-03-01 00:00:00+00:00,3574,3574,3574,True,True
2024-03-01 01:00:00+00:00,3614,3614,3614,True,True
2024-03-01 02:00:00+00:00,3581,3581,3581,True,True
2024-03-01 03:00:00+00:00,3554,3554,3554,True,True
2024-03-01 04:00:00+00:00,3594,3594,3594,True,True
2024-03-01 05:00:00+00:00,3276,3276,3276,True,True
2024-03-01 06:00:00+00:00,2242,2242,2242,True,True
2024-03-01 07:00:00+00:00,2002,2002,2002,True,True
2024-03-01 08:00:00+00:00,2013,2013,2013,True,True
2024-03-01 09:00:00+00:00,2006,2006,2006,True,True
2024-03-01 10:00:00+00:00,2009,2009,2009,True,True
2024-03-01 11:00:00+00:00,1797,1797,1797,True,True
2024-03-01 12:00:00+00:00,2001,2001,2001,True,True
2024-03-01 13:00:00+00:00,2017,2017,2017,True,True
2024-03-01 14:00:00+00:00,2016,2016,2016,True,True
2024-03-01 15:00:00+00:00,2142,2142,2142,True,True
2024-03-01 16:00:00+00:00,2007,2007,2007,True,True
2024-03-01 17:00:00+00:00,1992,1992,1992,True,True
2024-03-01 18:00:00+00:00,2014,2014,2014,True,True
2024-03-01 19:00:00+00:00,2012,2012,2012,True,True
2024-03-01 20:00:00+00:00,2077,2077,2077,True,True
2024-03-01 21:00:00+00:00,2009,2009,2009,True,True
2024-03-01 22:00:00+00:00,2017,2017,2017,True,True
2024-03-01 23:00:00+00:00,2008,2008,2008,True,True
2024-03-02 00:00:00+00:00,2219,2219,2219,True,True
2024-03-02 01:00:00+00:00,2001,2001,2001,True,True
2024-03-02 02:00:00+00:00,2014,2014,2014,True,True
2024-03-02 03:00:00+00:00,2041,2041,2041,True,True
2024-03-02 04:00:00+00:00,2000,2000,2000,True,True
2024-03-02 05:00:00+00:00,2126,2126,2126,True,True
2024-03-02 06:00:00+00:00,2130,2130,2130,True,True
2024-03-02 07:00:00+00:00,2004,2004,2004,True,True
2024-03-02 08:00:00+00:00,2009,2009,2009,True,True
2024-03-02 09:00:00+00:00,1999,1999,1999,True,True
2024-03-02 10:00:00+00:00,2138,2138,2138,True,True
2024-03-02 11:00:00+00:00,2020,2020,2020,True,True
2024-03-02 12:00:00+00:00,2056,2056,2056,True,True
2024-03-02 13:00:00+00:00,2164,2164,2164,True,True
2024-03-02 14:00:00+00:00,2056,2056,2056,True,True
2024-03-02 15:00:00+00:00,2055,2055,2055,True,True
2024-03-02 16:00:00+00:00,2058,2058,2058,True,True
2024-03-02 17:00:00+00:00,1738,1738,1738,True,True
2024-03-02 18:00:00+00:00,1882,1882,1882,True,True
2024-03-02 19:00:00+00:00,2059,2059,2059,True,True
2024-03-02 20:00:00+00:00,2058,2058,2058,True,True
2024-03-02 21:00:00+00:00,2057,2057,2057,True,True
2024-03-02 22:00:00+00:00,2057,2057,2057,True,True
2024-03-02 23:00:00+00:00,2028,2028,2028,True,True
2024-03-03 00:00:00+00:00,2088,2088,2088,True,True
2024-03-03 01:00:00+00:00,2059,2059,2059,True,True
2024-03-03 02:00:00+00:00,2064,2064,2064,True,True
2024-03-03 03:00:00+00:00,2056,2056,2056,True,True
2024-03-03 04:00:00+00:00,2057,2057,2057,True,True
2024-03-03 05:00:00+00:00,2058,2058,2058,True,True
2024-03-03 06:00:00+00:00,2058,2058,2058,True,True
2024-03-03 07:00:00+00:00,2308,2308,2308,True,True
2024-03-03 08:00:00+00:00,2061,2061,2061,True,True
2024-03-03 09:00:00+00:00,1738,1738,1738,True,True
2024-03-03 10:00:00+00:00,2057,2057,2057,True,True
2024-03-03 11:00:00+00:00,2056,2056,2056,True,True
2024-03-03 12:00:00+00:00,2009,2009,2009,True,True
2024-03-03 13:00:00+00:00,2054,2054,2054,True,True
2024-03-03 14:00:00+00:00,2059,2059,2059,True,True
2024-03-03 15:00:00+00:00,2058,2058,2058,True,True
2024-03-03 16:00:00+00:00,2271,2271,2271,True,True
2024-03-03 17:00:00+00:00,1841,1841,1841,True,True
2024-03-03 18:00:00+00:00,2196,2196,2196,True,True
2024-03-03 19:00:00+00:00,2064,2064,2064,True,True
2024-03-03 20:00:00+00:00,2058,2058,2058,True,True
2024-03-03 21:00:00+00:00,2059,2059,2059,True,True
2024-03-03 22:00:00+00:00,2058,2058,2058,True,True
2024-03-03 23:00:00+00:00,2008,2008,2008,True,True
2024-03-13 21:00:00+00:00,219,219,219,True,True
2024-03-13 22:00:00+00:00,1848,1848,1848,True,True
2024-03-13 23:00:00+00:00,2225,2225,2225,True,True
2024-03-14 00:00:00+00:00,2146,2146,2146,True,True
2024-03-14 01:00:00+00:00,1800,1800,1800,True,True
2024-03-14 02:00:00+00:00,2530,2530,2530,True,True
2024-03-14 03:00:00+00:00,2151,2151,2151,True,True
2024-03-14 04:00:00+00:00,2138,2138,2138,True,True
2024-03-14 05:00:00+00:00,2158,2158,2158,True,True
2024-03-14 06:00:00+00:00,2154,2154,2154,True,True
2024-03-14 07:00:00+00:00,2135,2135,2135,True,True
2024-03-14 08:00:00+00:00,2140,2140,2140,True,True
2024-03-14 09:00:00+00:00,2247,2247,2247,True,True
2024-03-14 10:00:00+00:00,2033,2033,2033,True,True
2024-03-14 11:00:00+00:00,2289,2289,2289,True,True
2024-03-14 12:00:00+00:00,2383,2383,2383,True,True
2024-03-14 13:00:00+00:00,2171,2171,2171,True,True
2024-03-14 14:00:00+00:00,2151,2151,2151,True,True
2024-03-14 15:00:00+00:00,2145,2145,2145,True,True
2024-03-14 16:00:00+00:00,2167,2167,2167,True,True
2024-03-14 17:00:00+00:00,2164,2164,2164,True,True
2024-03-14 18:00:00+00:00,2393,2393,2393,True,True
2024-03-14 19:00:00+00:00,2150,2150,2150,True,True
2024-03-14 20:00:00+00:00,2196,2196,2196,True,True
2024-03-14 21:00:00+00:00,2459,2459,2459,True,True
2024-03-14 22:00:00+00:00,2177,2177,2177,True,True
2024-03-14 23:00:00+00:00,2217,2217,2217,True,True
2024-03-15 00:00:00+00:00,2461,2461,2461,True,True
2024-03-15 01:00:00+00:00,2304,2304,2304,True,True
2024-03-15 02:00:00+00:00,2048,2048,2048,True,True
2024-03-15 03:00:00+00:00,2344,2344,2344,True,True
2024-03-15 04:00:00+00:00,2195,2195,2195,True,True
2024-03-15 05:00:00+00:00,2424,2424,2424,True,True
2024-03-15 06:00:00+00:00,2196,2196,2196,True,True
2024-03-15 07:00:00+00:00,2183,2183,2183,True,True
2024-03-15 08:00:00+00:00,2178,2178,2178,True,True
2024-03-15 09:00:00+00:00,2179,2179,2179,True,True
2024-03-15 10:00:00+00:00,2179,2179,2179,True,True
2024-03-15 11:00:00+00:00,2192,2192,2192,True,True
2024-03-15 12:00:00+00:00,2174,2174,2174,True,True
2024-03-15 13:00:00+00:00,2194,2194,2194,True,True
2024-03-15 14:00:00+00:00,2184,2184,2184,True,True
2024-03-15 15:00:00+00:00,2437,2437,2437,True,True
2024-03-15 16:00:00+00:00,1942,1942,1942,True,True
2024-03-15 17:00:00+00:00,2431,2431,2431,True,True
2024-03-15 18:00:00+00:00,2187,2187,2187,True,True
2024-03-15 19:00:00+00:00,2190,2190,2190,True,True
2024-03-15 20:00:00+00:00,2336,2336,2336,True,True
2024-03-15 21:00:00+00:00,2415,2415,2415,True,True
2024-03-15 22:00:00+00:00,2150,2150,2150,True,True
2024-03-15 23:00:00+00:00,2183,2183,2183,True,True
2024-03-16 00:00:00+00:00,2182,2182,2182,True,True
2024-03-16 01:00:00+00:00,2179,2179,2179,True,True
2024-03-16 02:00:00+00:00,2180,2180,2180,True,True
2024-03-16 03:00:00+00:00,2179,2179,2179,True,True
2024-03-16 04:00:00+00:00,2168,2168,2168,True,True
2024-03-16 05:00:00+00:00,2171,2171,2171,True,True
2024-03-16 06:00:00+00:00,2403,2403,2403,True,True
2024-03-16 07:00:00+00:00,2185,2185,2185,True,True
2024-03-16 08:00:00+00:00,2170,2170,2170,True,True
2024-03-16 09:00:00+00:00,2165,2165,2165,True,True
2024-03-16 10:00:00+00:00,2179,2179,2179,True,True
2024-03-16 11:00:00+00:00,2171,2171,2171,True,True
2024-03-16 12:00:00+00:00,2305,2305,2305,True,True
2024-03-16 13:00:00+00:00,2194,2194,2194,True,True
2024-03-16 14:00:00+00:00,2242,2242,2242,True,True
2024-03-16 15:00:00+00:00,2179,2179,2179,True,True
2024-03-16 16:00:00+00:00,2188,2188,2188,True,True
2024-03-16 17:00:00+00:00,2187,2187,2187,True,True
2024-03-16 18:00:00+00:00,2173,2173,2173,True,True
2024-03-16 19:00:00+00:00,2215,2215,2215,True,True
2024-03-16 20:00:00+00:00,2463,2463,2463,True,True
2024-03-16 21:00:00+00:00,2191,2191,2191,True,True
2024-03-16 22:00:00+00:00,2181,2181,2181,True,True
2024-03-16 23:00:00+00:00,2189,2189,2189,True,True
2024-03-17 00:00:00+00:00,2183,2183,2183,True,True
2024-03-17 01:00:00+00:00,2171,2171,2171,True,True
2024-03-17 02:00:00+00:00,2175,2175,2175,True,True
2024-03-17 03:00:00+00:00,2173,2173,2173,True,True
2024-03-17 04:00:00+00:00,2310,2310,2310,True,True
2024-03-17 05:00:00+00:00,2182,2182,2182,True,True
2024-03-17 06:00:00+00:00,2383,2383,2383,True,True
2024-03-17 07:00:00+00:00,2174,2174,2174,True,True
2024-03-17 08:00:00+00:00,2176,2176,2176,True,True
2024-03-17 09:00:00+00:00,2388,2388,2388,True,True
2024-03-17 10:00:00+00:00,2178,2178,2178,True,True
2024-03-17 11:00:00+00:00,2282,2282,2282,True,True
2024-03-17 12:00:00+00:00,2180,2180,2180,True,True
2024-03-17 13:00:00+00:00,2173,2173,2173,True,True
2024-03-17 14:00:00+00:00,2180,2180,2180,True,True
2024-03-17 15:00:00+00:00,2175,2175,2175,True,True
2024-03-17 16:00:00+00:00,2177,2177,2177,True,True
2024-03-17 17:00:00+00:00,2182,2182,2182,True,True
2024-03-17 18:00:00+00:00,2270,2270,2270,True,True
2024-03-17 19:00:00+00:00,2176,2176,2176,True,True
2024-03-17 20:00:00+00:00,2176,2176,2176,True,True
2024-03-17 21:00:00+00:00,2140,2140,2140,True,True
2024-03-17 22:00:00+00:00,2420,2420,2420,True,True
2024-03-17 23:00:00+00:00,2314,2314,2314,True,True
2024-03-18 00:00:00+00:00,2196,2196,2196,True,True
2024-03-18 01:00:00+00:00,2180,2180,2180,True,True
2024-03-18 02:00:00+00:00,2430,2430,2430,True,True
2024-03-18 03:00:00+00:00,2178,2178,2178,True,True
2024-03-18 04:00:00+00:00,2174,2174,2174,True,True
2024-03-18 05:00:00+00:00,2308,2308,2308,True,True
2024-03-18 06:00:00+00:00,2189,2189,2189,True,True
2024-03-18 07:00:00+00:00,2194,2194,2194,True,True
2024-03-18 08:00:00+00:00,2242,2242,2242,True,True
2024-03-18 09:00:00+00:00,2189,2189,2189,True,True
2024-03-18 10:00:00+00:00,2129,2129,2129,True,True
2024-03-18 11:00:00+00:00,2189,2189,2189,True,True
2024-03-18 12:00:00+00:00,2187,2187,2187,True,True
2024-03-18 13:00:00+00:00,2191,2191,2191,True,True
2024-03-18 14:00:00+00:00,2187,2187,2187,True,True
2024-03-18 15:00:00+00:00,1879,1879,1879,True,True
2024-03-18 16:00:00+00:00,2192,2192,2192,True,True
2024-03-18 17:00:00+00:00,2159,2159,2159,True,True
2024-03-18 18:00:00+00:00,2765,2765,2765,True,True
2024-03-18 19:00:00+00:00,2191,2191,2191,True,True
2024-03-18 20:00:00+00:00,2191,2191,2191,True,True
2024-03-18 21:00:00+00:00,2447,2447,2447,True,True
2024-03-18 22:00:00+00:00,2091,2091,2091,True,True
2024-03-18 23:00:00+00:00,2495,2495,2495,True,True
2024-03-19 00:00:00+00:00,2189,2189,2189,True,True
2024-03-19 01:00:00+00:00,1940,1940,1940,True,True
2024-03-19 02:00:00+00:00,2160,2160,2160,True,True
2024-03-19 03:00:00+00:00,2184,2184,2184,True,True
2024-03-19 04:00:00+00:00,2240,2240,2240,True,True
2024-03-19 05:00:00+00:00,2164,2164,2164,True,True
2024-03-19 06:00:00+00:00,2168,2168,2168,True,True
2024-03-19 07:00:00+00:00,2177,2177,2177,True,True
2024-03-19 08:00:00+00:00,2182,2182,2182,True,True
2024-03-19 09:00:00+00:00,2211,2211,2211,True,True
2024-03-19 10:00:00+00:00,2176,2176,2176,True,True
2024-03-19 11:00:00+00:00,2175,2175,2175,True,True
2024-03-19 12:00:00+00:00,2187,2187,2187,True,True
2024-03-19 13:00:00+00:00,2197,2197,2197,True,True
2024-03-19 14:00:00+00:00,2523,2523,2523,True,True
2024-03-19 15:00:00+00:00,2156,2156,2156,True,True
2024-03-19 16:00:00+00:00,2161,2161,2161,True,True
2024-03-19 17:00:00+00:00,2320,2320,2320,True,True
2024-03-19 18:00:00+00:00,2188,2188,2188,True,True
2024-03-19 19:00:00+00:00,2195,2195,2195,True,True
2024-03-19 20:00:00+00:00,2165,2165,2165,True,True
2024-03-19 21:00:00+00:00,2161,2161,2161,True,True
2024-03-19 22:00:00+00:00,2164,2164,2164,True,True
2024-03-19 23:00:00+00:00,2178,2178,2178,True,True
2024-03-20 00:00:00+00:00,2157,2157,2157,True,True
2024-03-20 01:00:00+00:00,2166,2166,2166,True,True
2024-03-20 02:00:00+00:00,2174,2174,2174,True,True
2024-03-20 03:00:00+00:00,2292,2292,2292,True,True
2024-03-20 04:00:00+00:00,2188,2188,2188,True,True
2024-03-20 05:00:00+00:00,2159,2159,2159,True,True
2024-03-20 06:00:00+00:00,2155,2155,2155,True,True
2024-03-20 07:00:00+00:00,2137,2137,2137,True,True
2024-03-20 08:00:00+00:00,2090,2090,2090,True,True
2024-03-20 09:00:00+00:00,2324,2324,2324,True,True
2024-03-20 10:00:00+00:00,2494,2494,2494,True,True
2024-03-20 11:00:00+00:00,2157,2157,2157,True,True
2024-03-20 12:00:00+00:00,2206,2206,2206,True,True
2024-03-20 13:00:00+00:00,2310,2310,2310,True,True
2024-03-20 14:00:00+00:00,2201,2201,2201,True,True
2024-03-20 15:00:00+00:00,2157,2157,2157,True,True
2024-03-20 16:00:00+00:00,2260,2260,2260,True,True
2024-03-20 17:00:00+00:00,2159,2159,2159,True,True
2024-03-20 18:00:00+00:00,2178,2178,2178,True,True
2024-03-20 19:00:00+00:00,2147,2147,2147,True,True
2024-03-20 20:00:00+00:00,2410,2410,2410,True,True
2024-03-20 21:00:00+00:00,2164,2164,2164,True,True
2024-03-20 22:00:00+00:00,2017,2017,2017,True,True
2024-03-20 23:00:00+00:00,2279,2279,2279,True,True
2024-03-21 00:00:00+00:00,2407,2407,2407,True,True
2024-03-21 01:00:00+00:00,2391,2391,2391,True,True
2024-03-21 02:00:00+00:00,2153,2153,2153,True,True
2024-03-21 03:00:00+00:00,2190,2190,2190,True,True
2024-03-21 04:00:00+00:00,2178,2178,2178,True,True
2024-03-21 05:00:00+00:00,2169,2169,2169,True,True
2024-03-21 06:00:00+00:00,2161,2161,2161,True,True
2024-03-21 07:00:00+00:00,2170,2170,2170,True,True
2024-03-21 08:00:00+00:00,2169,2169,2169,True,True
2024-03-21 09:00:00+00:00,2147,2147,2147,True,True
2024-03-21 10:00:00+00:00,2415,2415,2415,True,True
2024-03-21 11:00:00+00:00,2527,2527,2527,True,True
2024-03-21 12:00:00+00:00,2179,2179,2179,True,True
2024-03-21 13:00:00+00:00,2167,2167,2167,True,True
2024-03-21 14:00:00+00:00,2369,2369,2369,True,True
2024-03-21 15:00:00+00:00,2160,2160,2160,True,True
2024-03-21 16:00:00+00:00,2156,2156,2156,True,True
2024-03-21 17:00:00+00:00,2153,2153,2153,True,True
2024-03-21 18:00:00+00:00,2153,2153,2153,True,True
2024-03-21 19:00:00+00:00,2160,2160,2160,True,True
2024-03-21 20:00:00+00:00,2139,2139,2139,True,True
2024-03-21 21:00:00+00:00,2144,2144,2144,True,True
2024-03-21 22:00:00+00:00,2163,2163,2163,True,True
2024-03-21 23:00:00+00:00,2174,2174,2174,True,True
2024-03-22 00:00:00+00:00,2105,2105,2105,True,True
2024-03-22 01:00:00+00:00,2213,2213,2213,True,True
2024-03-22 02:00:00+00:00,2201,2201,2201,True,True
2024-03-22 03:00:00+00:00,2199,2199,2199,True,True
2024-03-22 04:00:00+00:00,2149,2149,2149,True,True
2024-03-22 05:00:00+00:00,2153,2153,2153,True,True
2024-03-22 06:00:00+00:00,2153,2153,2153,True,True
2024-03-22 07:00:00+00:00,2414,2414,2414,True,True
2024-03-22 08:00:00+00:00,2151,2151,2151,True,True
2024-03-22 09:00:00+00:00,2153,2153,2153,True,True
2024-03-22 10:00:00+00:00,2158,2158,2158,True,True
2024-03-22 11:00:00+00:00,2160,2160,2160,True,True
2024-03-22 12:00:00+00:00,2152,2152,2152,True,True
2024-03-22 13:00:00+00:00,2165,2165,2165,True,True
2024-03-22 14:00:00+00:00,2174,2174,2174,True,True
2024-03-22 15:00:00+00:00,2177,2177,2177,True,True
2024-03-22 16:00:00+00:00,2088,2088,2088,True,True
2024-03-22 17:00:00+00:00,2272,2272,2272,True,True
2024-03-22 18:00:00+00:00,2158,2158,2158,True,True
2024-03-22 19:00:00+00:00,2116,2116,2116,True,True
2024-03-22 20:00:00+00:00,2186,2186,2186,True,True
2024-03-22 21:00:00+00:00,2145,2145,2145,True,True
2024-03-22 22:00:00+00:00,2156,2156,2156,True,True
2024-03-22 23:00:00+00:00,2156,2156,2156,True,True
2024-03-23 00:00:00+00:00,2184,2184,2184,True,True
2024-03-23 01:00:00+00:00,2161,2161,2161,True,True
2024-03-23 02:00:00+00:00,2329,2329,2329,True,True
2024-03-23 03:00:00+00:00,2228,2228,2228,True,True
2024-03-23 04:00:00+00:00,2163,2163,2163,True,True
2024-03-23 05:00:00+00:00,2339,2339,2339,True,True
2024-03-23 06:00:00+00:00,2132,2132,2132,True,True
2024-03-23 07:00:00+00:00,2162,2162,2162,True,True
2024-03-23 08:00:00+00:00,2163,2163,2163,True,True
2024-03-23 09:00:00+00:00,2165,2165,2165,True,True
2024-03-23 10:00:00+00:00,2161,2161,2161,True,True
2024-03-23 11:00:00+00:00,2158,2158,2158,True,True
2024-03-23 12:00:00+00:00,2207,2207,2207,True,True
2024-03-23 13:00:00+00:00,2193,2193,2193,True,True
2024-03-23 14:00:00+00:00,2112,2112,2112,True,True
2024-03-23 15:00:00+00:00,2389,2389,2389,True,True
2024-03-23 16:00:00+00:00,2307,2307,2307,True,True
2024-03-23 17:00:00+00:00,2169,2169,2169,True,True
2024-03-23 18:00:00+00:00,2158,2158,2158,True,True
2024-03-23 19:00:00+00:00,2175,2175,2175,True,True
2024-03-23 20:00:00+00:00,2166,2166,2166,True,True
2024-03-23 21:00:00+00:00,2162,2162,2162,True,True
2024-03-23 22:00:00+00:00,2288,2288,2288,True,True
2024-03-23 23:00:00+00:00,2193,2193,2193,True,True
2024-03-24 00:00:00+00:00,2131,2131,2131,True,True
2024-03-24 01:00:00+00:00,2169,2169,2169,True,True
2024-03-24 02:00:00+00:00,2162,2162,2162,True,True
2024-03-24 03:00:00+00:00,2150,2150,2150,True,True
2024-03-24 04:00:00+00:00,2156,2156,2156,True,True
2024-03-24 05:00:00+00:00,2159,2159,2159,True,True
2024-03-24 06:00:00+00:00,2159,2159,2159,True,True
2024-03-24 07:00:00+00:00,2187,2187,2187,True,True
2024-03-24 08:00:00+00:00,2152,2152,2152,True,True
2024-03-24 09:00:00+00:00,2185,2185,2185,True,True
2024-03-24 10:00:00+00:00,2170,2170,2170,True,True
2024-03-24 11:00:00+00:00,2152,2152,2152,True,True
2024-03-24 12:00:00+00:00,2393,2393,2393,True,True
2024-03-24 13:00:00+00:00,2158,2158,2158,True,True
2024-03-24 14:00:00+00:00,2502,2502,2502,True,True
2024-03-24 15:00:00+00:00,2158,2158,2158,True,True
2024-03-24 16:00:00+00:00,2168,2168,2168,True,True
2024-03-24 17:00:00+00:00,1924,1924,1924,True,True
2024-03-24 18:00:00+00:00,2430,2430,2430,True,True
2024-03-24 19:00:00+00:00,2179,2179,2179,True,True
2024-03-24 20:00:00+00:00,2162,2162,2162,True,True
2024-03-24 21:00:00+00:00,2186,2186,2186,True,True
2024-03-24 22:00:00+00:00,2359,2359,2359,True,True
2024-03-24 23:00:00+00:00,2114,2114,2114,True,True
2024-03-27 00:00:00+00:00,2123,2123,2123,True,True
2024-03-27 01:00:00+00:00,2049,2049,2049,True,True
2024-03-27 02:00:00+00:00,2418,2418,2418,True,True
2024-03-27 03:00:00+00:00,2114,2114,2114,True,True
2024-03-27 04:00:00+00:00,2117,2117,2117,True,True
2024-03-27 05:00:00+00:00,2109,2109,2109,True,True
2024-03-27 06:00:00+00:00,2329,2329,2329,True,True
2024-03-27 07:00:00+00:00,2110,2110,2110,True,True
2024-03-27 08:00:00+00:00,2209,2209,2209,True,True
2024-03-27 09:00:00+00:00,2113,2113,2113,True,True
2024-03-27 10:00:00+00:00,2103,2103,2103,True,True
2024-03-27 11:00:00+00:00,2132,2132,2132,True,True
2024-03-27 12:00:00+00:00,1978,1978,1978,True,True
2024-03-27 13:00:00+00:00,2119,2119,2119,True,True
2024-03-27 14:00:00+00:00,2364,2364,2364,True,True
2024-03-27 15:00:00+00:00,2344,2344,2344,True,True
2024-03-27 16:00:00+00:00,2080,2080,2080,True,True
2024-03-27 17:00:00+00:00,2118,2118,2118,True,True
2024-03-27 18:00:00+00:00,2120,2120,2120,True,True
2024-03-27 19:00:00+00:00,2115,2115,2115,True,True
2024-03-27 20:00:00+00:00,2116,2116,2116,True,True
2024-03-27 21:00:00+00:00,2120,2120,2120,True,True
2024-03-27 22:00:00+00:00,2107,2107,2107,True,True
2024-03-27 23:00:00+00:00,2123,2123,2123,True,True
2024-09-21 21:00:00+00:00,160,160,0,True,False
2024-09-22 20:00:00+00:00,89,89,89,True,True
2024-09-22 21:00:00+00:00,198954,198954,198711,True,True
2024-09-22 22:00:00+00:00,393341,393341,393341,True,True
2024-09-22 23:00:00+00:00,3121,3121,3121,True,True
2024-09-23 00:00:00+00:00,7,7,7,True,True
2024-09-23 01:00:00+00:00,747557,747557,746797,True,True
2024-09-23 03:00:00+00:00,80,80,0,True,False
2024-09-23 04:00:00+00:00,468,468,308,True,True
2024-09-23 05:00:00+00:00,66,66,66,True,True
2024-10-31 00:00:00+00:00,12807,12807,12407,True,True
2024-10-31 07:00:00+00:00,6816,0,1205,False,True
2024-10-31 08:00:00+00:00,7032,0,1190,False,True
2024-10-31 09:00:00+00:00,7150,0,1308,False,True
2024-10-31 10:00:00+00:00,6961,0,1187,False,True
2024-10-31 11:00:00+00:00,6951,0,1170,False,True
2024-10-31 12:00:00+00:00,6885,0,1160,False,True
2024-10-31 13:00:00+00:00,7061,0,1292,False,True
2024-10-31 14:00:00+00:00,6887,0,1209,False,True
2024-10-31 15:00:00+00:00,7003,0,1230,False,True
2024-10-31 16:00:00+00:00,26092,18975,19765,True,True
2024-10-31 17:00:00+00:00,7076,0,1339,False,True
2024-10-31 18:00:00+00:00,6958,0,1146,False,True
2024-10-31 19:00:00+00:00,6924,0,1154,False,True
2024-10-31 20:00:00+00:00,7000,0,1215,False,True
2024-10-31 21:00:00+00:00,7019,0,1374,False,True
2024-10-31 22:00:00+00:00,7038,0,1215,False,True
2024-10-31 23:00:00+00:00,7007,0,1177,False,True
2024-11-01 00:00:00+00:00,6933,0,1158,False,True
2024-11-01 01:00:00+00:00,6979,0,1304,False,True
2024-11-01 02:00:00+00:00,6954,0,1146,False,True
2024-11-01 03:00:00+00:00,7063,0,1270,False,True
2024-11-01 04:00:00+00:00,7130,0,1222,False,True
2024-11-01 05:00:00+00:00,6999,0,1284,False,True
2024-11-01 06:00:00+00:00,7292,0,1282,False,True
2024-11-01 07:00:00+00:00,7054,0,1184,False,True
2024-11-01 08:00:00+00:00,6995,0,1169,False,True
2024-11-01 09:00:00+00:00,7089,0,1346,False,True
2024-11-01 10:00:00+00:00,6921,0,1203,False,True
2024-11-01 11:00:00+00:00,7074,0,1196,False,True
2024-11-01 12:00:00+00:00,6934,0,1180,False,True
2024-11-01 13:00:00+00:00,7034,0,1286,False,True
2024-11-01 14:00:00+00:00,6953,0,1157,False,True
2024-11-01 15:00:00+00:00,6937,0,1233,False,True
2024-11-01 16:00:00+00:00,6889,0,1204,False,True
2024-11-01 17:00:00+00:00,7381,0,1361,False,True
2024-11-01 18:00:00+00:00,6997,0,1144,False,True
2024-11-01 19:00:00+00:00,6854,0,1171,False,True
2024-11-01 20:00:00+00:00,6982,0,1167,False,True
2024-11-01 21:00:00+00:00,6986,0,1284,False,True
2024-11-01 22:00:00+00:00,6929,0,1233,False,True
2024-11-01 23:00:00+00:00,6852,0,1172,False,True
2024-11-02 00:00:00+00:00,6976,0,1198,False,True
2024-11-02 01:00:00+00:00,29374,22399,23042,True,True
2024-11-02 02:00:00+00:00,6848,0,1210,False,True
2024-11-02 03:00:00+00:00,6959,0,1165,False,True
2024-11-02 04:00:00+00:00,7098,0,1159,False,True
2024-11-02 05:00:00+00:00,7124,0,1297,False,True
2024-11-02 06:00:00+00:00,7118,0,1278,False,True
2024-11-02 07:00:00+00:00,7111,0,1225,False,True
2024-11-02 08:00:00+00:00,6916,0,1181,False,True
2024-11-02 09:00:00+00:00,7177,0,1287,False,True
2024-11-02 10:00:00+00:00,7026,0,1201,False,True
2024-11-02 11:00:00+00:00,6845,0,1139,False,True
2024-11-02 12:00:00+00:00,6909,0,1154,False,True
2024-11-02 13:00:00+00:00,6968,0,1308,False,True
2024-11-02 14:00:00+00:00,6874,0,1142,False,True
2024-11-02 15:00:00+00:00,6891,0,1193,False,True
2024-11-02 16:00:00+00:00,6964,0,1192,False,True
2024-11-02 17:00:00+00:00,7043,0,1331,False,True
2024-11-02 18:00:00+00:00,7010,0,1198,False,True
2024-11-02 19:00:00+00:00,7141,0,1222,False,True
2024-11-02 20:00:00+00:00,6960,0,1158,False,True
2024-11-02 21:00:00+00:00,7045,0,1341,False,True
2024-11-02 22:00:00+00:00,6915,0,1163,False,True
2024-11-02 23:00:00+00:00,6857,0,1160,False,True
2024-11-03 00:00:00+00:00,6867,0,1181,False,True
2024-11-03 01:00:00+00:00,6984,0,1293,False,True
2024-11-03 02:00:00+00:00,12405,5419,6391,True,True
2024-11-03 03:00:00+00:00,6894,0,1181,False,True
2024-11-03 04:00:00+00:00,7082,0,1233,False,True
2024-11-03 05:00:00+00:00,6922,0,1315,False,True
2024-11-03 06:00:00+00:00,7138,0,1285,False,True
2024-11-03 07:00:00+00:00,7009,0,1203,False,True
2024-11-03 08:00:00+00:00,6984,0,1229,False,True
2024-11-03 09:00:00+00:00,6959,0,1320,False,True
2024-11-03 10:00:00+00:00,7035,0,1227,False,True
2024-11-03 11:00:00+00:00,7061,0,1209,False,True
2024-11-03 12:00:00+00:00,6811,0,1155,False,True
2024-11-03 13:00:00+00:00,7054,0,1273,False,True
2024-11-03 14:00:00+00:00,6990,0,1153,False,True
2024-11-03 15:00:00+00:00,6959,0,1199,False,True
2024-11-03 16:00:00+00:00,7018,0,1234,False,True
2024-11-03 17:00:00+00:00,7143,0,1322,False,True
2024-11-03 18:00:00+00:00,6852,0,1197,False,True
2024-11-03 19:00:00+00:00,6919,0,1185,False,True
2024-11-03 20:00:00+00:00,6777,0,1207,False,True
2024-11-03 21:00:00+00:00,7032,0,1323,False,True
2024-11-03 22:00:00+00:00,7148,0,1206,False,True
2024-11-03 23:00:00+00:00,6860,0,1149,False,True
2024-11-04 00:00:00+00:00,6832,0,1183,False,True
2024-11-04 01:00:00+00:00,6985,0,1280,False,True
2024-11-04 02:00:00+00:00,6906,0,1175,False,True
2024-11-04 03:00:00+00:00,7068,5,1293,True,True
2024-11-04 04:00:00+00:00,7037,0,1175,False,True
2024-11-04 05:00:00+00:00,6915,0,1281,False,True
2024-11-04 06:00:00+00:00,7094,0,1255,False,True
2024-11-04 07:00:00+00:00,6926,0,1243,False,True
2024-11-04 08:00:00+00:00,7188,0,1222,False,True
2024-11-04 09:00:00+00:00,7042,0,1308,False,True
2024-11-04 10:00:00+00:00,6805,0,1197,False,True
2024-11-04 11:00:00+00:00,6946,0,1193,False,True
2024-11-04 12:00:00+00:00,6994,0,1195,False,True
2024-11-04 13:00:00+00:00,6941,0,1254,False,True
2024-11-04 14:00:00+00:00,7021,0,1217,False,True
2024-11-04 15:00:00+00:00,6834,0,1175,False,True
2024-11-04 16:00:00+00:00,6995,0,1167,False,True
2024-11-04 17:00:00+00:00,6905,0,1240,False,True
2024-11-04 18:00:00+00:00,6755,0,1116,False,True
2024-11-04 19:00:00+00:00,6929,0,1190,False,True
2024-11-04 20:00:00+00:00,7098,0,1219,False,True
2024-11-04 21:00:00+00:00,7005,0,1262,False,True
2024-11-04 22:00:00+00:00,6920,0,1135,False,True
2024-11-04 23:00:00+00:00,7084,0,1216,False,True
2024-11-05 00:00:00+00:00,7016,0,1169,False,True
2024-11-05 01:00:00+00:00,7133,0,1327,False,True
2024-11-05 02:00:00+00:00,6971,0,1233,False,True
2024-11-05 03:00:00+00:00,6756,0,1167,False,True
2024-11-05 04:00:00+00:00,6978,0,1190,False,True
2024-11-05 05:00:00+00:00,7208,0,1328,False,True
2024-11-05 06:00:00+00:00,7096,0,1365,False,True
2024-11-05 07:00:00+00:00,6960,0,1159,False,True
2024-11-05 08:00:00+00:00,6969,0,1198,False,True
2024-11-05 09:00:00+00:00,7245,0,1328,False,True
2024-11-05 10:00:00+00:00,7077,0,1213,False,True
2024-11-05 11:00:00+00:00,6918,0,1211,False,True
2024-11-05 12:00:00+00:00,6983,0,1162,False,True
2024-11-05 13:00:00+00:00,7109,0,1247,False,True
2024-11-05 14:00:00+00:00,6855,0,1223,False,True
2024-11-05 15:00:00+00:00,6906,0,1172,False,True
2024-11-05 16:00:00+00:00,6811,0,1146,False,True
2024-11-05 17:00:00+00:00,6999,0,1291,False,True
2024-11-05 18:00:00+00:00,7137,0,1220,False,True
2024-11-05 19:00:00+00:00,7030,0,1140,False,True
2024-11-05 20:00:00+00:00,7150,0,1192,False,True
2024-11-05 21:00:00+00:00,7119,0,1257,False,True
2024-11-05 22:00:00+00:00,7011,0,1210,False,True
2024-11-05 23:00:00+00:00,7122,0,1153,False,True
2024-11-16 16:00:00+00:00,8309,8309,8309,True,True
2024-11-18 00:00:00+00:00,34441,34441,34429,True,True
2024-11-21 00:00:00+00:00,39,39,39,True,True
2024-11-24 20:00:00+00:00,3,3,3,True,True
2024-11-26 00:00:00+00:00,4371,0,337,False,True
2024-11-26 01:00:00+00:00,4407,0,347,False,True
2024-11-26 02:00:00+00:00,4276,0,369,False,True
2024-11-26 03:00:00+00:00,4428,0,371,False,True
2024-11-26 04:00:00+00:00,4457,0,384,False,True
2024-11-26 05:00:00+00:00,4295,0,369,False,True
2024-11-26 06:00:00+00:00,4408,0,345,False,True
2024-11-26 07:00:00+00:00,4264,0,396,False,True
2024-11-26 08:00:00+00:00,4297,0,353,False,True
2024-11-26 09:00:00+00:00,4332,0,358,False,True
2024-11-26 10:00:00+00:00,4311,0,361,False,True
2024-11-26 11:00:00+00:00,4282,0,363,False,True
2024-11-26 12:00:00+00:00,4459,0,385,False,True
2024-11-26 13:00:00+00:00,4443,0,367,False,True
2024-11-26 14:00:00+00:00,4330,0,348,False,True
2024-11-26 15:00:00+00:00,4264,0,365,False,True
2024-11-26 16:00:00+00:00,4274,0,358,False,True
2024-11-26 17:00:00+00:00,4358,0,368,False,True
2024-11-26 18:00:00+00:00,4254,0,374,False,True
2024-11-26 19:00:00+00:00,4347,0,363,False,True
2024-11-26 20:00:00+00:00,4283,0,362,False,True
2024-11-26 21:00:00+00:00,4421,0,387,False,True
2024-11-26 22:00:00+00:00,4411,0,402,False,True
2024-11-26 23:00:00+00:00,4449,0,370,False,True
2024-11-27 00:00:00+00:00,4413,0,348,False,True
2024-11-27 01:00:00+00:00,4296,0,336,False,True
2024-11-27 02:00:00+00:00,4443,0,375,False,True
2024-11-27 03:00:00+00:00,4402,0,390,False,True
2024-11-27 04:00:00+00:00,4360,0,350,False,True
2024-11-27 05:00:00+00:00,4265,0,344,False,True
2024-11-27 06:00:00+00:00,4336,0,364,False,True
2024-11-27 07:00:00+00:00,4314,0,363,False,True
2024-11-27 08:00:00+00:00,4288,0,338,False,True
2024-11-27 09:00:00+00:00,4341,0,399,False,True
2024-11-27 10:00:00+00:00,4311,0,367,False,True
2024-11-27 11:00:00+00:00,4260,0,372,False,True
2024-11-27 12:00:00+00:00,4372,0,431,False,True
2024-11-27 13:00:00+00:00,4314,0,373,False,True
2024-11-27 14:00:00+00:00,4320,0,346,False,True
2024-11-27 15:00:00+00:00,4262,0,359,False,True
2024-11-27 16:00:00+00:00,4247,0,338,False,True
2024-11-27 17:00:00+00:00,4363,0,366,False,True
2024-11-27 18:00:00+00:00,4298,0,327,False,True
2024-11-27 19:00:00+00:00,4279,0,361,False,True
2024-11-27 20:00:00+00:00,4285,0,350,False,True
2024-11-27 21:00:00+00:00,4302,0,395,False,True
2024-11-27 22:00:00+00:00,4308,0,345,False,True
2024-11-27 23:00:00+00:00,4398,0,364,False,True
2024-11-28 00:00:00+00:00,4363,0,403,False,True
2024-11-28 01:00:00+00:00,4340,0,351,False,True
2024-11-28 02:00:00+00:00,4480,0,402,False,True
2024-11-28 03:00:00+00:00,4274,0,412,False,True
2024-11-28 04:00:00+00:00,4292,0,350,False,True
2024-11-28 05:00:00+00:00,4351,0,373,False,True
2024-11-28 06:00:00+00:00,4491,0,374,False,True
2024-11-28 07:00:00+00:00,4351,0,379,False,True
2024-11-28 08:00:00+00:00,4384,0,389,False,True
2024-11-28 09:00:00+00:00,4351,0,341,False,True
2024-11-28 10:00:00+00:00,4331,0,359,False,True
2024-11-28 11:00:00+00:00,4280,0,371,False,True
2024-11-28 12:00:00+00:00,4410,0,383,False,True
2024-11-28 13:00:00+00:00,4279,0,341,False,True
2024-11-28 14:00:00+00:00,4338,0,377,False,True
2024-11-28 15:00:00+00:00,4318,0,391,False,True
2024-11-28 16:00:00+00:00,4202,0,333,False,True
2024-11-28 17:00:00+00:00,4293,0,405,False,True
2024-11-28 18:00:00+00:00,4243,0,387,False,True
2024-11-28 19:00:00+00:00,4255,0,346,False,True
2024-11-28 20:00:00+00:00,4265,0,343,False,True
2024-11-28 21:00:00+00:00,4239,0,347,False,True
2024-11-28 22:00:00+00:00,4348,0,365,False,True
2024-11-28 23:00:00+00:00,4330,0,357,False,True
2024-11-29 00:00:00+00:00,4265,0,351,False,True
2024-11-29 01:00:00+00:00,4416,0,382,False,True
2024-11-29 02:00:00+00:00,4321,0,352,False,True
2024-11-29 03:00:00+00:00,4318,0,361,False,True
2024-11-29 04:00:00+00:00,4413,0,400,False,True
2024-11-29 05:00:00+00:00,4404,0,358,False,True
2024-11-29 06:00:00+00:00,4441,0,404,False,True
2024-11-29 07:00:00+00:00,4354,0,385,False,True
2024-11-29 08:00:00+00:00,4321,0,405,False,True
2024-11-29 09:00:00+00:00,4429,0,400,False,True
2024-11-29 10:00:00+00:00,4226,0,294,False,True
2024-11-29 11:00:00+00:00,4340,0,255,False,True
2024-11-29 12:00:00+00:00,4348,0,244,False,True
2024-11-29 13:00:00+00:00,4244,0,249,False,True
2024-11-29 14:00:00+00:00,4264,0,266,False,True
2024-11-29 15:00:00+00:00,4296,0,259,False,True
2024-11-29 16:00:00+00:00,4155,0,266,False,True
2024-11-29 17:00:00+00:00,4250,0,285,False,True
2024-11-29 18:00:00+00:00,4218,0,259,False,True
2024-11-29 19:00:00+00:00,4113,0,280,False,True
2024-11-29 20:00:00+00:00,4324,0,255,False,True
2024-11-29 21:00:00+00:00,4278,0,262,False,True
2024-11-29 22:00:00+00:00,4217,0,272,False,True
2024-11-29 23:00:00+00:00,4221,0,268,False,True
2024-11-30 00:00:00+00:00,4143,0,256,False,True
2024-11-30 01:00:00+00:00,4263,0,271,False,True
2024-11-30 02:00:00+00:00,4224,0,252,False,True
2024-11-30 03:00:00+00:00,4162,0,246,False,True
2024-11-30 04:00:00+00:00,4302,0,233,False,True
2024-11-30 05:00:00+00:00,4207,0,249,False,True
2024-11-30 06:00:00+00:00,4350,0,296,False,True
2024-11-30 07:00:00+00:00,4214,0,252,False,True
2024-11-30 08:00:00+00:00,4335,0,269,False,True
2024-11-30 09:00:00+00:00,4256,0,279,False,True
2024-11-30 10:00:00+00:00,4207,0,267,False,True
2024-11-30 11:00:00+00:00,4140,0,239,False,True
2024-11-30 12:00:00+00:00,4278,0,259,False,True
2024-11-30 13:00:00+00:00,4184,0,217,False,True
2024-11-30 14:00:00+00:00,4267,0,242,False,True
2024-11-30 15:00:00+00:00,4168,0,255,False,True
2024-11-30 16:00:00+00:00,4257,0,254,False,True
2024-11-30 17:00:00+00:00,4219,0,243,False,True
2024-11-30 18:00:00+00:00,4151,0,269,False,True
2024-11-30 19:00:00+00:00,4183,0,260,False,True
2024-11-30 20:00:00+00:00,4251,0,256,False,True
2024-11-30 21:00:00+00:00,4208,0,262,False,True
2024-11-30 22:00:00+00:00,4295,0,293,False,True
2024-11-30 23:00:00+00:00,4327,0,269,False,True
2024-12-01 00:00:00+00:00,4146,0,251,False,True
2024-12-01 01:00:00+00:00,4418,0,301,False,True
2024-12-01 02:00:00+00:00,4195,0,258,False,True
2024-12-01 03:00:00+00:00,4272,0,234,False,True
2024-12-01 04:00:00+00:00,4123,0,230,False,True
2024-12-01 05:00:00+00:00,4179,0,224,False,True
2024-12-01 06:00:00+00:00,4268,0,263,False,True
2024-12-01 07:00:00+00:00,4191,0,249,False,True
2024-12-01 08:00:00+00:00,4215,0,237,False,True
2024-12-01 09:00:00+00:00,4213,0,270,False,True
2024-12-01 10:00:00+00:00,4212,0,281,False,True
2024-12-01 11:00:00+00:00,4162,0,249,False,True
2024-12-01 12:00:00+00:00,4294,0,245,False,True
2024-12-01 13:00:00+00:00,4263,0,270,False,True
2024-12-01 14:00:00+00:00,4170,0,298,False,True
2024-12-01 15:00:00+00:00,4225,0,233,False,True
2024-12-01 16:00:00+00:00,4241,0,261,False,True
2024-12-01 17:00:00+00:00,4196,0,252,False,True
2024-12-01 18:00:00+00:00,4287,0,256,False,True
2024-12-01 19:00:00+00:00,4328,0,263,False,True
2024-12-01 20:00:00+00:00,4213,0,225,False,True
2024-12-01 21:00:00+00:00,4317,0,283,False,True
2024-12-01 22:00:00+00:00,4117,0,246,False,True
2024-12-01 23:00:00+00:00,4196,0,257,False,True
2024-12-02 00:00:00+00:00,4305,0,261,False,True
2024-12-02 01:00:00+00:00,4244,0,250,False,True
2024-12-02 02:00:00+00:00,4271,0,250,False,True
2024-12-02 03:00:00+00:00,4287,0,276,False,True
2024-12-02 04:00:00+00:00,4228,0,252,False,True
2024-12-02 05:00:00+00:00,4189,0,240,False,True
2024-12-02 06:00:00+00:00,4290,0,248,False,True
2024-12-02 07:00:00+00:00,4254,0,248,False,True
2024-12-02 08:00:00+00:00,4175,0,275,False,True
2024-12-02 09:00:00+00:00,4096,0,270,False,True
2024-12-02 10:00:00+00:00,4215,0,258,False,True
2024-12-02 11:00:00+00:00,4222,0,293,False,True
2024-12-02 12:00:00+00:00,4212,0,261,False,True
2024-12-02 13:00:00+00:00,4294,0,266,False,True
2024-12-02 14:00:00+00:00,4214,0,269,False,True
2024-12-02 15:00:00+00:00,4285,0,255,False,True
2024-12-02 16:00:00+00:00,4264,0,265,False,True
2024-12-02 17:00:00+00:00,4202,0,259,False,True
2024-12-02 18:00:00+00:00,4165,0,249,False,True
2024-12-02 19:00:00+00:00,4266,0,282,False,True
2024-12-02 20:00:00+00:00,4176,0,254,False,True
2024-12-02 21:00:00+00:00,4314,0,275,False,True
2024-12-02 22:00:00+00:00,4178,0,276,False,True
2024-12-02 23:00:00+00:00,4323,0,268,False,True
2024-12-03 00:00:00+00:00,4239,0,259,False,True
2024-12-03 01:00:00+00:00,4161,0,252,False,True
2024-12-03 02:00:00+00:00,4377,0,256,False,True
2024-12-03 03:00:00+00:00,4376,0,233,False,True
2024-12-03 04:00:00+00:00,4157,0,255,False,True
2024-12-03 05:00:00+00:00,4209,0,253,False,True
2024-12-03 06:00:00+00:00,4405,0,263,False,True
2024-12-03 07:00:00+00:00,4238,0,248,False,True
2024-12-03 08:00:00+00:00,4221,0,267,False,True
2024-12-03 09:00:00+00:00,4174,0,239,False,True
2024-12-03 10:00:00+00:00,4171,0,228,False,True
2024-12-03 11:00:00+00:00,4247,0,240,False,True
2024-12-03 12:00:00+00:00,4209,0,244,False,True
2024-12-03 13:00:00+00:00,4258,0,251,False,True
2024-12-03 14:00:00+00:00,4220,0,237,False,True
2024-12-03 15:00:00+00:00,4201,0,254,False,True
2024-12-03 16:00:00+00:00,4188,0,255,False,True
2024-12-03 17:00:00+00:00,4238,0,233,False,True
2024-12-03 18:00:00+00:00,4137,0,249,False,True
2024-12-03 19:00:00+00:00,4314,0,263,False,True
2024-12-03 20:00:00+00:00,4184,0,249,False,True
2024-12-03 21:00:00+00:00,4245,0,249,False,True
2024-12-03 22:00:00+00:00,4197,0,233,False,True
2024-12-03 23:00:00+00:00,4272,0,252,False,True
2024-12-04 00:00:00+00:00,4339,0,238,False,True
2024-12-04 01:00:00+00:00,4343,0,260,False,True
2024-12-04 02:00:00+00:00,4079,0,244,False,True
2024-12-04 03:00:00+00:00,4190,0,259,False,True
2024-12-04 04:00:00+00:00,4190,0,260,False,True
2024-12-04 05:00:00+00:00,4226,0,257,False,True
2024-12-04 06:00:00+00:00,4397,0,260,False,True
2024-12-04 07:00:00+00:00,4286,0,259,False,True
2024-12-04 08:00:00+00:00,4304,0,256,False,True
2024-12-04 09:00:00+00:00,4281,0,280,False,True
2024-12-04 10:00:00+00:00,4122,0,241,False,True
2024-12-04 11:00:00+00:00,4234,0,248,False,True
2024-12-04 12:00:00+00:00,4250,0,279,False,True
2024-12-04 13:00:00+00:00,4198,0,270,False,True
2024-12-04 14:00:00+00:00,4213,0,271,False,True
2024-12-04 15:00:00+00:00,4400,0,247,False,True
2024-12-04 16:00:00+00:00,4202,0,251,False,True
2024-12-04 17:00:00+00:00,4157,0,218,False,True
2024-12-04 18:00:00+00:00,4212,0,259,False,True
2024-12-04 19:00:00+00:00,4194,0,258,False,True
2024-12-04 20:00:00+00:00,4123,0,243,False,True
2024-12-04 21:00:00+00:00,4239,0,246,False,True
2024-12-04 22:00:00+00:00,4236,0,267,False,True
2024-12-04 23:00:00+00:00,4153,0,230,False,True
2024-12-05 00:00:00+00:00,4222,0,259,False,True
2024-12-05 01:00:00+00:00,4241,0,256,False,True
2024-12-05 02:00:00+00:00,4245,0,244,False,True
2024-12-05 03:00:00+00:00,4254,0,224,False,True
2024-12-05 04:00:00+00:00,4152,0,265,False,True
2024-12-05 05:00:00+00:00,4252,0,247,False,True
2024-12-05 06:00:00+00:00,4489,0,472,False,True
2024-12-05 07:00:00+00:00,4445,0,494,False,True
2024-12-05 08:00:00+00:00,4369,0,469,False,True
2024-12-05 09:00:00+00:00,4430,0,448,False,True
2024-12-05 10:00:00+00:00,4420,0,462,False,True
2024-12-05 11:00:00+00:00,4496,0,515,False,True
2024-12-05 12:00:00+00:00,4476,0,491,False,True
2024-12-05 13:00:00+00:00,4349,0,475,False,True
2024-12-05 14:00:00+00:00,4411,0,468,False,True
2024-12-05 15:00:00+00:00,4365,0,470,False,True
2024-12-05 16:00:00+00:00,4367,0,463,False,True
2024-12-05 17:00:00+00:00,4379,0,451,False,True
2024-12-05 18:00:00+00:00,4500,0,460,False,True
2024-12-05 19:00:00+00:00,4470,0,475,False,True
2024-12-05 20:00:00+00:00,4463,0,484,False,True
2024-12-05 21:00:00+00:00,4414,0,491,False,True
2024-12-05 22:00:00+00:00,4390,0,457,False,True
2024-12-05 23:00:00+00:00,4378,0,499,False,True
2024-12-06 00:00:00+00:00,4444,0,448,False,True
2024-12-06 01:00:00+00:00,4373,0,466,False,True
2024-12-06 02:00:00+00:00,4395,0,470,False,True
2024-12-06 03:00:00+00:00,4519,0,492,False,True
2024-12-06 04:00:00+00:00,4448,0,450,False,True
2024-12-06 05:00:00+00:00,4404,0,478,False,True
2024-12-06 06:00:00+00:00,4582,0,485,False,True
2024-12-06 07:00:00+00:00,4424,0,478,False,True
2024-12-06 08:00:00+00:00,4407,0,484,False,True
2024-12-06 09:00:00+00:00,4433,0,489,False,True
2024-12-06 10:00:00+00:00,4350,0,471,False,True
2024-12-06 11:00:00+00:00,4416,0,463,False,True
2024-12-06 12:00:00+00:00,4445,0,482,False,True
2024-12-06 13:00:00+00:00,4411,0,486,False,True
2024-12-06 14:00:00+00:00,4461,0,494,False,True
2024-12-06 15:00:00+00:00,4364,0,454,False,True
2024-12-06 16:00:00+00:00,4477,0,478,False,True
2024-12-06 17:00:00+00:00,4422,0,505,False,True
2024-12-06 18:00:00+00:00,4466,0,485,False,True
2024-12-06 19:00:00+00:00,4530,0,501,False,True
2024-12-06 20:00:00+00:00,4474,0,483,False,True
2024-12-06 21:00:00+00:00,4397,0,479,False,True
2024-12-06 22:00:00+00:00,4593,0,479,False,True
2024-12-06 23:00:00+00:00,4436,0,450,False,True
2024-12-07 00:00:00+00:00,4553,0,556,False,True
2024-12-07 01:00:00+00:00,4403,0,478,False,True
2024-12-07 02:00:00+00:00,4514,0,496,False,True
2024-12-07 03:00:00+00:00,4449,0,439,False,True
2024-12-07 04:00:00+00:00,4439,0,439,False,True
2024-12-07 05:00:00+00:00,4379,0,457,False,True
2024-12-07 06:00:00+00:00,4651,0,489,False,True
2024-12-07 07:00:00+00:00,4497,0,478,False,True
2024-12-07 08:00:00+00:00,4514,0,470,False,True
2024-12-07 09:00:00+00:00,4549,0,476,False,True
2024-12-07 10:00:00+00:00,4441,0,488,False,True
2024-12-07 11:00:00+00:00,4377,0,471,False,True
2024-12-07 12:00:00+00:00,4419,0,502,False,True
2024-12-07 13:00:00+00:00,4451,0,483,False,True
2024-12-07 14:00:00+00:00,4396,0,494,False,True
2024-12-07 15:00:00+00:00,4401,0,495,False,True
2024-12-07 16:00:00+00:00,4424,0,497,False,True
2024-12-07 17:00:00+00:00,4560,0,461,False,True
2024-12-07 18:00:00+00:00,4367,0,458,False,True
2024-12-07 19:00:00+00:00,4489,0,489,False,True
2024-12-07 20:00:00+00:00,4538,0,501,False,True
2024-12-07 21:00:00+00:00,4447,0,474,False,True
2024-12-07 22:00:00+00:00,4353,0,431,False,True
2024-12-07 23:00:00+00:00,4539,0,510,False,True
2024-12-08 00:00:00+00:00,4548,0,497,False,True
2024-12-08 01:00:00+00:00,4502,0,485,False,True
2024-12-08 02:00:00+00:00,4418,0,441,False,True
2024-12-08 03:00:00+00:00,4419,0,448,False,True
2024-12-08 04:00:00+00:00,4550,0,492,False,True
2024-12-08 05:00:00+00:00,4458,0,493,False,True
2024-12-08 06:00:00+00:00,4475,0,433,False,True
2024-12-08 07:00:00+00:00,4290,0,464,False,True
2024-12-08 08:00:00+00:00,4478,0,459,False,True
2024-12-08 09:00:00+00:00,4422,0,484,False,True
2024-12-08 10:00:00+00:00,4478,0,514,False,True
2024-12-08 11:00:00+00:00,4492,0,481,False,True
2024-12-08 12:00:00+00:00,4387,0,464,False,True
2024-12-08 13:00:00+00:00,4504,0,489,False,True
2024-12-08 14:00:00+00:00,4442,0,493,False,True
2024-12-08 15:00:00+00:00,4427,0,490,False,True
2024-12-08 16:00:00+00:00,4442,0,455,False,True
2024-12-08 17:00:00+00:00,4361,0,471,False,True
2024-12-08 18:00:00+00:00,4435,0,441,False,True
2024-12-08 19:00:00+00:00,4339,0,439,False,True
2024-12-08 20:00:00+00:00,4497,0,517,False,True
2024-12-08 21:00:00+00:00,4617,0,533,False,True
2024-12-08 22:00:00+00:00,4498,0,486,False,True
2024-12-08 23:00:00+00:00,4359,0,463,False,True
2024-12-09 00:00:00+00:00,4469,0,456,False,True
2024-12-09 01:00:00+00:00,4479,0,482,False,True
2024-12-09 02:00:00+00:00,4335,0,448,False,True
2024-12-09 03:00:00+00:00,4489,0,503,False,True
2024-12-09 04:00:00+00:00,4517,0,507,False,True
2024-12-09 05:00:00+00:00,4513,0,497,False,True
2024-12-09 06:00:00+00:00,4518,0,507,False,True
2024-12-09 07:00:00+00:00,4432,0,490,False,True
2024-12-09 08:00:00+00:00,4503,0,495,False,True
2024-12-09 09:00:00+00:00,4407,0,499,False,True
2024-12-09 10:00:00+00:00,4398,0,484,False,True
2024-12-09 11:00:00+00:00,4480,0,486,False,True
2024-12-09 12:00:00+00:00,4408,0,485,False,True
2024-12-09 13:00:00+00:00,4339,0,497,False,True
2024-12-09 14:00:00+00:00,4306,0,447,False,True
2024-12-09 15:00:00+00:00,4525,0,529,False,True
2024-12-09 16:00:00+00:00,4354,0,482,False,True
2024-12-09 17:00:00+00:00,4515,0,493,False,True
2024-12-09 18:00:00+00:00,4429,0,446,False,True
2024-12-09 19:00:00+00:00,4465,0,465,False,True
2024-12-09 20:00:00+00:00,4334,0,432,False,True
2024-12-09 21:00:00+00:00,4430,0,467,False,True
2024-12-09 22:00:00+00:00,4413,0,501,False,True
2024-12-09 23:00:00+00:00,4487,0,442,False,True
